,month,outage.start.time,u.s._state,pc.realgsp.state,com.price,anomaly.level,outage.duration,winter_avg_temp,summer_avg_temp
0,7.0,17:00:00,Minnesota,51268,9.18,-0.3,3060.0,-10.9,19.3
1,5.0,18:38:00,Minnesota,53499,9.71,-0.1,1.0,-10.9,19.3
2,10.0,20:00:00,Minnesota,50447,8.19,-1.5,3000.0,-10.9,19.3
3,6.0,04:30:00,Minnesota,51598,9.25,-0.1,2550.0,-10.9,19.3
4,7.0,02:00:00,Minnesota,54431,10.16,1.2,1740.0,-10.9,19.3
5,11.0,15:00:00,Minnesota,50447,8.34,-1.4,1860.0,-10.9,19.3
6,7.0,20:30:00,Minnesota,50447,9.11,-0.9,2970.0,-10.9,19.3
7,6.0,04:00:00,Minnesota,52445,7.22,0.2,3960.0,-10.9,19.3
8,3.0,07:31:00,Minnesota,54431,8.89,0.6,155.0,-10.9,19.3
9,6.0,17:39:00,Minnesota,52479,10.31,-0.2,3621.0,-10.9,19.3
10,6.0,03:00:00,Minnesota,52479,10.31,-0.2,7740.0,-10.9,19.3
11,9.0,19:00:00,Minnesota,52445,7.58,0.0,8880.0,-10.9,19.3
12,7.0,10:00:00,Minnesota,51268,9.18,-0.3,0.0,-10.9,19.3
13,5.0,15:55:00,Minnesota,51268,8.91,-0.4,1322.0,-10.9,19.3
14,6.0,00:00:00,Minnesota,53499,10.53,0.0,60.0,-10.9,19.3
15,6.0,13:54:00,Tennessee,42457,10.36,1.0,19.0,3.9,24.2
16,8.0,13:15:00,Tennessee,41469,10.21,0.3,0.0,3.9,24.2
17,6.0,13:52:00,Tennessee,42457,10.36,1.0,21.0,3.9,24.2
18,4.0,22:44:00,Tennessee,40465,10.1,-0.5,196.0,3.9,24.2
19,2.0,09:00:00,Tennessee,41201,8.3,-1.3,840.0,3.9,24.2
20,1.0,17:00:00,Tennessee,42457,10.1,0.6,935.0,3.9,24.2
21,7.0,19:00:00,Tennessee,41469,10.48,0.1,1260.0,3.9,24.2
22,7.0,13:00:00,Tennessee,42457,10.27,1.2,,3.9,24.2
23,4.0,02:11:00,Tennessee,41642,9.85,-0.2,619.0,3.9,24.2
24,1.0,06:00:00,Tennessee,41955,10.02,-0.5,150.0,3.9,24.2
25,7.0,05:05:00,Tennessee,39220,9.39,0.5,762.0,3.9,24.2
26,6.0,09:46:00,Tennessee,40465,10.29,-0.3,0.0,3.9,24.2
27,4.0,13:00:00,Tennessee,40465,10.1,-0.5,660.0,3.9,24.2
28,6.0,13:06:00,Tennessee,41955,10.79,0.0,1.0,3.9,24.2
29,6.0,15:00:00,Tennessee,41469,10.47,-0.1,2700.0,3.9,24.2
30,6.0,08:47:00,Tennessee,41955,10.79,0.0,1.0,3.9,24.2
31,4.0,14:00:00,Tennessee,40465,10.1,-0.5,4921.0,3.9,24.2
32,5.0,22:51:00,Tennessee,42457,10.15,0.8,95.0,3.9,24.2
33,2.0,08:34:00,Tennessee,42457,10.08,0.5,251.0,3.9,24.2
34,6.0,03:00:00,Tennessee,41955,10.79,0.0,4125.0,3.9,24.2
35,4.0,23:02:00,Tennessee,40465,10.1,-0.5,2550.0,3.9,24.2
36,7.0,15:00:00,Tennessee,43720,,-0.3,,3.9,24.2
37,1.0,16:00:00,Tennessee,41955,10.02,-0.5,1200.0,3.9,24.2
38,3.0,09:05:00,Tennessee,42457,10.03,0.6,310.0,3.9,24.2
39,1.0,19:02:00,Tennessee,41642,10.22,-0.4,2818.0,3.9,24.2
40,4.0,11:47:00,Tennessee,40465,10.1,-0.5,5054.0,3.9,24.2
41,6.0,16:37:00,Tennessee,39220,9.64,0.4,136.0,3.9,24.2
42,3.0,06:40:00,Tennessee,41955,10.86,-0.4,528.0,3.9,24.2
43,1.0,06:00:00,Tennessee,41955,10.02,-0.5,150.0,3.9,24.2
44,4.0,16:33:00,Tennessee,40465,10.1,-0.5,46.0,3.9,24.2
45,6.0,14:54:00,Tennessee,41955,10.79,0.0,1.0,3.9,24.2
46,1.0,04:00:00,Tennessee,41955,10.02,-0.5,1920.0,3.9,24.2
47,4.0,13:36:00,Tennessee,43720,9.64,1.1,,3.9,24.2
48,1.0,21:45:00,Tennessee,39220,10.13,-0.7,32.0,3.9,24.2
49,6.0,13:21:00,Wisconsin,46676,11.31,0.0,,-8.2,19.3
50,1.0,00:30:00,Wisconsin,46676,10.24,-0.5,135.0,-8.2,19.3
51,11.0,16:00:00,Wisconsin,45266,7.71,-0.5,3000.0,-8.2,19.3
52,8.0,14:57:00,Wisconsin,45811,11.34,-0.3,32.0,-8.2,19.3
53,1.0,00:00:00,Wisconsin,46676,10.24,-0.5,108653.0,-8.2,19.3
54,4.0,14:45:00,Wisconsin,46676,10.69,-0.2,8468.0,-8.2,19.3
55,7.0,06:00:00,Wisconsin,43553,7.2,0.1,960.0,-8.2,19.3
56,1.0,16:00:00,Wisconsin,46676,10.24,-0.5,44.0,-8.2,19.3
57,1.0,05:15:00,Wisconsin,48063,10.71,2.2,1605.0,-8.2,19.3
58,9.0,18:30:00,Wisconsin,45266,7.99,0.0,4410.0,-8.2,19.3
59,8.0,15:42:00,Wisconsin,44296,10.19,-1.2,388.0,-8.2,19.3
60,10.0,04:00:00,Wisconsin,44296,9.9,-1.5,480.0,-8.2,19.3
61,4.0,15:41:00,Wisconsin,43553,7.15,0.0,1219.0,-8.2,19.3
62,1.0,15:30:00,Wisconsin,46676,10.24,-0.5,90.0,-8.2,19.3
63,3.0,09:06:00,Wisconsin,46676,10.4,-0.4,18660.0,-8.2,19.3
64,6.0,17:55:00,Wisconsin,46676,11.31,0.0,538.0,-8.2,19.3
65,8.0,07:30:00,Wisconsin,45811,11.34,-0.3,104.0,-8.2,19.3
66,1.0,13:55:00,Wisconsin,46676,10.24,-0.5,60.0,-8.2,19.3
67,8.0,00:15:00,Wisconsin,45811,11.34,-0.3,1272.0,-8.2,19.3
68,1.0,10:00:00,Wisconsin,46676,10.24,-0.5,60.0,-8.2,19.3
69,3.0,16:25:00,West Virginia,36486,8.71,0.6,1.0,0.4,21.2
70,6.0,21:50:00,West Virginia,36337,7.85,0.0,1000.0,0.4,21.2
71,10.0,00:00:00,West Virginia,35479,8.7,0.3,17339.0,0.4,21.2
72,6.0,18:24:00,West Virginia,35479,8.01,-0.1,9576.0,0.4,21.2
73,5.0,18:30:00,Michigan,39953,10.6,-0.4,3090.0,-5.7,19.0
74,9.0,11:00:00,Michigan,43081,8.23,0.0,6510.0,-5.7,19.0
75,11.0,17:00:00,Michigan,42768,7.55,0.3,5820.0,-5.7,19.0
76,7.0,12:32:00,Michigan,39953,10.5,-0.3,1078.0,-5.7,19.0
77,2.0,22:00:00,Michigan,43330,10.59,2.0,1513.0,-5.7,19.0
78,7.0,15:00:00,Michigan,42036,8.76,-0.4,4830.0,-5.7,19.0
79,8.0,16:09:00,Michigan,42768,7.49,0.2,3051.0,-5.7,19.0
80,4.0,19:00:00,Michigan,42768,7.52,0.0,4200.0,-5.7,19.0
81,5.0,03:25:00,Michigan,39953,10.6,-0.4,2085.0,-5.7,19.0
82,6.0,20:00:00,Michigan,38985,10.29,-0.4,5730.0,-5.7,19.0
83,4.0,20:00:00,Michigan,41695,10.91,-0.2,4290.0,-5.7,19.0
84,3.0,21:00:00,Michigan,40537,10.7,-0.4,2670.0,-5.7,19.0
85,4.0,01:00:00,Michigan,37004,8.46,-0.1,3540.0,-5.7,19.0
86,12.0,05:30:00,Michigan,42036,8.64,-1.3,3637.0,-5.7,19.0
87,11.0,20:30:00,Michigan,42226,10.55,2.2,1710.0,-5.7,19.0
88,7.0,19:00:00,Michigan,42036,8.76,-0.4,4320.0,-5.7,19.0
89,10.0,05:45:00,Michigan,37004,9.01,0.9,3915.0,-5.7,19.0
90,6.0,14:00:00,Michigan,43081,7.79,0.2,3120.0,-5.7,19.0
91,6.0,15:30:00,Michigan,37004,9.65,0.4,4590.0,-5.7,19.0
92,6.0,14:00:00,Michigan,43081,7.79,0.2,7530.0,-5.7,19.0
93,11.0,07:00:00,Michigan,41117,10.88,-0.3,5034.0,-5.7,19.0
94,11.0,07:30:00,Michigan,43081,8.07,-0.5,8160.0,-5.7,19.0
95,7.0,09:00:00,Michigan,42768,7.51,0.1,3300.0,-5.7,19.0
96,2.0,16:00:00,Michigan,39953,10.2,-1.0,4320.0,-5.7,19.0
97,1.0,09:33:00,Michigan,39953,9.61,-1.3,1770.0,-5.7,19.0
98,12.0,03:28:00,Michigan,41117,10.72,-0.3,9857.0,-5.7,19.0
99,10.0,02:00:00,Michigan,40537,10.9,0.3,4080.0,-5.7,19.0
100,4.0,14:30:00,Michigan,37004,8.46,-0.1,5670.0,-5.7,19.0
101,5.0,13:00:00,Michigan,42525,7.54,0.2,5700.0,-5.7,19.0
102,8.0,17:45:00,Michigan,42226,10.94,1.4,1995.0,-5.7,19.0
103,7.0,19:00:00,Michigan,43330,,-0.3,300.0,-5.7,19.0
104,12.0,04:45:00,Michigan,40097,8.97,-0.7,5115.0,-5.7,19.0
105,7.0,00:00:00,Michigan,40537,11.58,0.1,2670.0,-5.7,19.0
106,12.0,16:00:00,Michigan,40097,8.97,-0.7,7650.0,-5.7,19.0
107,6.0,17:00:00,Michigan,42226,10.88,1.0,4338.0,-5.7,19.0
108,9.0,05:19:00,Michigan,42768,7.38,0.2,761.0,-5.7,19.0
109,11.0,16:45:00,Michigan,41117,10.88,-0.3,5760.0,-5.7,19.0
110,10.0,08:00:00,Michigan,38985,9.75,-1.5,2820.0,-5.7,19.0
111,1.0,22:00:00,Michigan,40097,8.59,-1.4,4110.0,-5.7,19.0
112,10.0,10:00:00,Michigan,42525,7.83,0.7,3360.0,-5.7,19.0
113,12.0,17:45:00,Michigan,37004,9.43,1.3,3015.0,-5.7,19.0
114,9.0,02:33:00,Michigan,42226,10.42,1.7,232.0,-5.7,19.0
115,4.0,19:00:00,Michigan,39953,10.09,-0.5,11525.0,-5.7,19.0
116,2.0,12:00:00,Michigan,42429,8.2,-0.6,6420.0,-5.7,19.0
117,5.0,14:00:00,Michigan,42768,7.45,-0.2,46080.0,-5.7,19.0
118,8.0,23:00:00,Michigan,37004,9.64,0.5,5700.0,-5.7,19.0
119,8.0,18:00:00,Michigan,38985,9.81,-1.2,5610.0,-5.7,19.0
120,3.0,06:48:00,Michigan,37004,8.78,-0.4,78377.0,-5.7,19.0
121,6.0,17:00:00,Michigan,40097,9.39,-0.5,270.0,-5.7,19.0
122,3.0,21:00:00,Michigan,40537,10.7,-0.4,4050.0,-5.7,19.0
123,7.0,20:15:00,Michigan,39953,10.5,-0.3,5865.0,-5.7,19.0
124,3.0,12:01:00,Michigan,40537,10.7,-0.4,1.0,-5.7,19.0
125,4.0,18:15:00,Michigan,41695,10.91,-0.2,2325.0,-5.7,19.0
126,12.0,16:30:00,Michigan,38985,9.59,-1.4,4170.0,-5.7,19.0
127,1.0,03:30:00,Michigan,41117,10.45,-0.4,4485.0,-5.7,19.0
128,8.0,16:09:00,Michigan,42768,7.49,0.2,2694.0,-5.7,19.0
129,9.0,13:38:00,Michigan,42036,8.27,-0.9,168.0,-5.7,19.0
130,7.0,15:00:00,Michigan,40097,9.86,-0.4,5580.0,-5.7,19.0
131,12.0,11:45:00,Michigan,40097,8.97,-0.7,705.0,-5.7,19.0
132,6.0,18:00:00,Michigan,40097,9.39,-0.5,11850.0,-5.7,19.0
133,4.0,15:46:00,Michigan,40537,10.52,-0.4,3494.0,-5.7,19.0
134,5.0,16:00:00,Michigan,42525,7.54,0.2,4560.0,-5.7,19.0
135,6.0,17:00:00,Michigan,41695,11.25,0.0,2760.0,-5.7,19.0
136,9.0,16:00:00,Michigan,41117,10.97,-0.2,5760.0,-5.7,19.0
137,6.0,15:18:00,Michigan,40097,9.39,-0.5,8922.0,-5.7,19.0
138,7.0,19:00:00,Michigan,38985,9.95,-0.9,6030.0,-5.7,19.0
139,5.0,11:00:00,Michigan,42525,7.54,0.2,7800.0,-5.7,19.0
140,12.0,06:30:00,Michigan,41117,10.72,-0.3,4242.0,-5.7,19.0
141,5.0,15:00:00,Michigan,42036,9.07,-0.2,3120.0,-5.7,19.0
142,11.0,18:00:00,Michigan,42768,7.55,0.3,5700.0,-5.7,19.0
143,7.0,18:00:00,Michigan,41117,11.45,-0.3,900.0,-5.7,19.0
144,12.0,17:38:00,Michigan,39953,10.19,-0.9,1046.0,-5.7,19.0
145,6.0,16:30:00,Michigan,43081,7.79,0.2,7620.0,-5.7,19.0
146,4.0,15:00:00,Michigan,41117,10.84,-0.2,3630.0,-5.7,19.0
147,7.0,11:15:00,Michigan,39953,10.5,-0.3,1260.0,-5.7,19.0
148,10.0,12:30:00,Michigan,42525,7.83,0.7,5840.0,-5.7,19.0
149,8.0,18:00:00,Michigan,42036,8.93,-0.6,5790.0,-5.7,19.0
150,8.0,01:00:00,Michigan,42226,10.94,1.4,2820.0,-5.7,19.0
151,6.0,19:00:00,Michigan,38985,10.29,-0.4,600.0,-5.7,19.0
152,6.0,00:01:00,Michigan,37004,9.65,0.4,4259.0,-5.7,19.0
153,11.0,23:00:00,Michigan,43081,8.07,-0.5,2939.0,-5.7,19.0
154,7.0,14:00:00,Michigan,42429,8.72,0.1,7080.0,-5.7,19.0
155,3.0,00:00:00,Michigan,42054,7.98,0.1,3600.0,-5.7,19.0
156,8.0,19:31:00,Michigan,37004,9.64,0.5,1588.0,-5.7,19.0
157,7.0,19:30:00,Michigan,38985,9.95,-0.9,4260.0,-5.7,19.0
158,12.0,03:00:00,Michigan,42226,10.38,2.3,2700.0,-5.7,19.0
159,5.0,12:20:00,Michigan,39953,10.6,-0.4,200.0,-5.7,19.0
160,7.0,17:00:00,Michigan,39953,10.5,-0.3,8430.0,-5.7,19.0
161,7.0,09:00:00,Michigan,39953,10.5,-0.3,85.0,-5.7,19.0
162,1.0,07:30:00,Michigan,42036,8.52,0.7,9150.0,-5.7,19.0
163,9.0,21:31:00,Michigan,38985,10.15,-1.4,1019.0,-5.7,19.0
164,6.0,17:00:00,Michigan,41117,11.56,-0.2,420.0,-5.7,19.0
165,7.0,20:00:00,Michigan,40097,9.86,-0.4,1140.0,-5.7,19.0
166,9.0,14:00:00,Michigan,39953,10.24,-0.8,7440.0,-5.7,19.0
167,8.0,17:42:00,Michigan,39953,10.71,-0.6,4458.0,-5.7,19.0
168,7.0,17:17:00,Texas,53707,7.73,1.2,373.0,8.8,27.3
169,2.0,16:30:00,Texas,48595,8.93,-1.0,1203.0,8.8,27.3
170,2.0,22:04:00,Texas,48595,8.93,-1.0,868.0,8.8,27.3
171,7.0,02:45:00,Texas,53104,,-0.3,1455.0,8.8,27.3
172,8.0,08:42:00,Texas,50356,8.15,0.3,206.0,8.8,27.3
173,2.0,15:35:00,Texas,52742,8.04,-0.5,1195.0,8.8,27.3
174,1.0,07:01:00,Texas,52742,8.02,-0.5,1559.0,8.8,27.3
175,11.0,22:00:00,Texas,46396,7.94,0.6,900.0,8.8,27.3
176,4.0,19:10:00,Texas,53707,7.63,0.7,2690.0,8.8,27.3
177,5.0,18:00:00,Texas,53707,7.86,0.8,5115.0,8.8,27.3
178,6.0,01:38:00,Texas,52742,8.26,0.0,5.0,8.8,27.3
179,4.0,16:11:00,Texas,47876,9.9,-0.2,189.0,8.8,27.3
180,6.0,20:18:00,Texas,47746,9.21,-0.4,2142.0,8.8,27.3
181,6.0,11:00:00,Texas,47746,9.21,-0.4,360.0,8.8,27.3
182,9.0,20:00:00,Texas,49068,9.88,-0.9,,8.8,27.3
183,8.0,15:15:00,Texas,53707,7.76,1.4,225.0,8.8,27.3
184,9.0,04:00:00,Texas,49068,9.88,-0.9,2340.0,8.8,27.3
185,7.0,11:00:00,Texas,48595,8.84,-0.3,480.0,8.8,27.3
186,7.0,08:24:00,Texas,44959,8.6,0.1,9486.0,8.8,27.3
187,5.0,04:00:00,Texas,45102,6.8,-0.7,480.0,8.8,27.3
188,6.0,15:00:00,Texas,53707,7.89,1.0,3000.0,8.8,27.3
189,3.0,08:00:00,Texas,50356,8.27,-0.4,300.0,8.8,27.3
190,4.0,21:30:00,Texas,53707,7.63,0.7,3020.0,8.8,27.3
191,6.0,09:23:00,Texas,49068,10.03,-0.3,766.0,8.8,27.3
192,4.0,00:00:00,Texas,52742,8.21,-0.2,,8.8,27.3
193,8.0,07:45:00,Texas,48595,9.14,-0.6,1335.0,8.8,27.3
194,8.0,15:43:00,Texas,48595,9.14,-0.6,197.0,8.8,27.3
195,4.0,15:25:00,Texas,47876,9.9,-0.2,245.0,8.8,27.3
196,5.0,20:45:00,Texas,53104,7.73,0.6,3255.0,8.8,27.3
197,9.0,06:00:00,Texas,46451,9.52,0.0,12180.0,8.8,27.3
198,3.0,12:03:00,Texas,48595,8.92,-0.7,1077.0,8.8,27.3
199,8.0,10:00:00,Texas,46396,8.48,0.6,600.0,8.8,27.3
200,4.0,11:00:00,Texas,44959,7.7,0.0,186.0,8.8,27.3
201,3.0,07:30:00,Texas,49068,10.06,0.1,690.0,8.8,27.3
202,9.0,18:21:00,Texas,48322,10.78,-0.3,27698.0,8.8,27.3
203,2.0,13:58:00,Texas,52742,8.04,-0.5,402.0,8.8,27.3
204,10.0,00:45:00,Texas,53707,7.59,2.0,2420.0,8.8,27.3
205,2.0,03:45:00,Texas,48595,8.93,-1.0,327.0,8.8,27.3
206,1.0,10:30:00,Texas,53707,8.06,0.6,1.0,8.8,27.3
207,12.0,09:28:00,Texas,50356,7.97,-0.2,1860.0,8.8,27.3
208,2.0,16:50:00,Texas,52742,8.04,-0.5,220.0,8.8,27.3
209,10.0,10:25:00,Texas,53707,7.59,2.0,455.0,8.8,27.3
210,9.0,07:53:00,Texas,49068,9.88,-0.9,318.0,8.8,27.3
211,5.0,02:52:00,Texas,44959,8.06,-0.2,757.0,8.8,27.3
212,8.0,05:23:00,Texas,48322,11.29,-0.3,847.0,8.8,27.3
213,1.0,10:31:00,Texas,50356,8.41,-0.7,410.0,8.8,27.3
214,8.0,18:25:00,Texas,47233,9.45,0.5,215.0,8.8,27.3
215,4.0,18:00:00,Texas,53104,7.37,1.1,5.0,8.8,27.3
216,2.0,02:30:00,Texas,47233,10.4,-0.6,570.0,8.8,27.3
217,7.0,05:56:00,Texas,48322,11.58,-0.4,12124.0,8.8,27.3
218,7.0,17:45:00,Texas,53104,,-0.3,2655.0,8.8,27.3
219,12.0,11:00:00,Texas,51695,8.0,-0.3,20160.0,8.8,27.3
220,11.0,10:00:00,Texas,50356,7.96,0.1,1440.0,8.8,27.3
221,11.0,10:00:00,Texas,47876,9.53,0.9,600.0,8.8,27.3
222,3.0,13:27:00,Texas,46396,7.58,0.2,39.0,8.8,27.3
223,7.0,02:19:00,Texas,50356,8.08,0.1,181.0,8.8,27.3
224,4.0,05:50:00,Texas,53104,7.37,1.1,1185.0,8.8,27.3
225,8.0,19:00:00,Texas,47233,9.45,0.5,1500.0,8.8,27.3
226,1.0,21:30:00,Texas,50356,8.41,-0.7,0.0,8.8,27.3
227,10.0,17:28:00,Texas,47876,9.76,0.7,271.0,8.8,27.3
228,8.0,16:58:00,Texas,51695,7.98,-0.3,1860.0,8.8,27.3
229,6.0,05:30:00,Texas,48595,8.95,-0.3,1200.0,8.8,27.3
230,5.0,10:15:00,Texas,45102,6.8,-0.7,2159.0,8.8,27.3
231,2.0,12:00:00,Texas,47746,9.52,1.2,6300.0,8.8,27.3
232,6.0,13:00:00,Texas,52742,8.26,0.0,,8.8,27.3
233,9.0,17:00:00,Texas,46451,9.52,0.0,1620.0,8.8,27.3
234,6.0,15:16:00,Texas,47233,10.06,0.4,224.0,8.8,27.3
235,3.0,16:00:00,Texas,45102,6.8,-1.1,70.0,8.8,27.3
236,2.0,05:43:00,Texas,48595,8.93,-1.0,1697.0,8.8,27.3
237,4.0,16:35:00,Texas,47876,9.9,-0.2,95.0,8.8,27.3
238,6.0,15:57:00,Texas,50356,8.15,-0.1,2220.0,8.8,27.3
239,,,Texas,45102,,,,8.8,27.3
240,12.0,01:51:00,Texas,51695,8.0,-0.3,7809.0,8.8,27.3
241,4.0,20:00:00,Texas,46396,7.77,0.1,1200.0,8.8,27.3
242,4.0,16:10:00,Texas,47876,9.9,-0.2,121.0,8.8,27.3
243,7.0,16:45:00,Texas,53707,7.73,1.2,63.0,8.8,27.3
244,4.0,16:00:00,Texas,48322,10.52,-0.9,5595.0,8.8,27.3
245,2.0,09:40:00,Texas,53707,8.1,0.5,1.0,8.8,27.3
246,2.0,05:45:00,Texas,50356,8.51,-0.5,557.0,8.8,27.3
247,6.0,15:00:00,Texas,48595,8.95,-0.3,240.0,8.8,27.3
248,9.0,12:00:00,Texas,48322,10.78,-0.3,3360.0,8.8,27.3
249,9.0,14:02:00,Texas,47746,9.12,-1.4,685.0,8.8,27.3
250,3.0,19:00:00,Texas,52742,8.35,-0.4,2280.0,8.8,27.3
251,7.0,15:30:00,Texas,47233,9.48,0.5,210.0,8.8,27.3
252,6.0,16:22:00,Texas,45462,8.0,-0.1,167.0,8.8,27.3
253,4.0,15:30:00,Texas,47233,9.56,-0.1,1920.0,8.8,27.3
254,6.0,09:01:00,Texas,48322,11.81,-0.5,3569.0,8.8,27.3
255,4.0,21:00:00,Texas,53707,7.63,0.7,3300.0,8.8,27.3
256,1.0,13:20:00,Texas,48595,8.69,-1.3,10.0,8.8,27.3
257,7.0,19:00:00,Texas,47233,9.48,0.5,1560.0,8.8,27.3
258,4.0,14:27:00,Texas,50356,8.18,-0.4,840.0,8.8,27.3
259,8.0,15:00:00,Texas,47233,9.45,0.5,240.0,8.8,27.3
260,2.0,16:30:00,Texas,52742,8.04,-0.5,990.0,8.8,27.3
261,8.0,15:00:00,Texas,48595,9.14,-0.6,6000.0,8.8,27.3
262,3.0,05:00:00,Texas,46396,7.58,0.2,17865.0,8.8,27.3
263,3.0,13:38:00,Texas,50356,8.27,-0.4,1282.0,8.8,27.3
264,10.0,04:27:00,Texas,51695,8.0,-0.3,1080.0,8.8,27.3
265,8.0,13:20:00,Texas,48595,9.14,-0.6,7540.0,8.8,27.3
266,5.0,20:30:00,Texas,53707,7.86,0.8,1320.0,8.8,27.3
267,5.0,20:00:00,Texas,46451,8.34,0.3,1110.0,8.8,27.3
268,9.0,18:21:00,Texas,48322,10.78,-0.3,27698.0,8.8,27.3
269,4.0,16:20:00,Texas,47876,9.9,-0.2,130.0,8.8,27.3
270,5.0,22:45:00,Texas,53707,7.86,0.8,3040.0,8.8,27.3
271,6.0,11:30:00,Texas,48595,8.95,-0.3,394.0,8.8,27.3
272,6.0,19:00:00,Texas,45462,8.0,-0.1,10140.0,8.8,27.3
273,12.0,11:00:00,Texas,51695,8.0,-0.3,20160.0,8.8,27.3
274,9.0,20:00:00,Texas,48322,10.78,-0.3,21540.0,8.8,27.3
275,1.0,09:00:00,Texas,52742,8.02,-0.5,45.0,8.8,27.3
276,6.0,09:10:00,Texas,52742,8.26,0.0,1.0,8.8,27.3
277,6.0,17:00:00,Texas,46396,8.25,0.3,1200.0,8.8,27.3
278,7.0,09:50:00,Texas,53707,7.73,1.2,550.0,8.8,27.3
279,4.0,07:00:00,Texas,47876,9.9,-0.2,900.0,8.8,27.3
280,3.0,00:15:00,Texas,47233,9.8,-0.4,885.0,8.8,27.3
281,8.0,17:50:00,Texas,47746,9.15,-1.2,940.0,8.8,27.3
282,12.0,19:30:00,Texas,53707,7.59,2.3,,8.8,27.3
283,4.0,05:05:00,Texas,53104,7.37,1.1,3050.0,8.8,27.3
284,5.0,13:30:00,Texas,49068,9.85,-0.2,1830.0,8.8,27.3
285,6.0,18:00:00,Texas,47233,10.06,0.4,6000.0,8.8,27.3
286,9.0,05:00:00,Texas,48595,9.03,-0.8,1500.0,8.8,27.3
287,5.0,15:30:00,Texas,46396,7.8,0.2,150.0,8.8,27.3
288,8.0,19:30:00,Texas,53707,7.76,1.4,1955.0,8.8,27.3
289,1.0,05:00:00,Texas,47233,9.98,-0.7,2220.0,8.8,27.3
290,7.0,13:30:00,Texas,47233,9.48,0.5,330.0,8.8,27.3
291,3.0,18:00:00,Texas,48595,8.92,-0.7,74.0,8.8,27.3
292,5.0,15:00:00,Texas,46451,8.34,0.3,420.0,8.8,27.3
293,3.0,15:00:00,Texas,45462,7.83,-0.4,1440.0,8.8,27.3
294,12.0,16:15:00,Texas,48595,8.49,-0.9,255.0,8.8,27.3
295,6.0,23:20:00,Indiana,44539,9.84,0.0,1060.0,-1.4,22.4
296,1.0,08:00:00,Indiana,40775,8.21,-0.7,12240.0,-1.4,22.4
297,7.0,16:30:00,Indiana,43489,6.32,0.5,5250.0,-1.4,22.4
298,11.0,16:47:00,Indiana,43774,9.71,-0.3,4320.0,-1.4,22.4
299,11.0,12:00:00,Indiana,45136,9.62,2.2,120.0,-1.4,22.4
300,5.0,16:50:00,Indiana,43760,7.76,-0.7,233.0,-1.4,22.4
301,8.0,23:00:00,Indiana,41302,6.02,-0.5,,-1.4,22.4
302,1.0,16:00:00,Indiana,40775,8.21,-0.7,65.0,-1.4,22.4
303,12.0,09:00:00,Indiana,43760,8.0,-0.7,2120.0,-1.4,22.4
304,6.0,19:06:00,Indiana,43760,7.68,-0.5,96.0,-1.4,22.4
305,5.0,12:10:00,Indiana,44539,9.94,-0.1,3.0,-1.4,22.4
306,11.0,13:06:00,Indiana,43774,9.71,-0.3,4320.0,-1.4,22.4
307,11.0,12:35:00,Indiana,43774,9.71,-0.3,65.0,-1.4,22.4
308,7.0,00:14:00,Indiana,43109,8.79,-0.3,2146.0,-1.4,22.4
309,10.0,01:00:00,Indiana,43109,9.03,-0.9,96.0,-1.4,22.4
310,11.0,16:47:00,Indiana,43774,9.71,-0.3,4032.0,-1.4,22.4
311,5.0,18:00:00,Indiana,44539,9.94,-0.1,2580.0,-1.4,22.4
312,10.0,09:10:00,Indiana,43056,8.99,0.3,6.0,-1.4,22.4
313,7.0,07:01:00,Indiana,43056,8.92,0.1,569.0,-1.4,22.4
314,11.0,23:16:00,Indiana,43109,8.67,-1.0,0.0,-1.4,22.4
315,1.0,21:10:00,Indiana,43159,6.21,0.7,15950.0,-1.4,22.4
316,8.0,04:00:00,Indiana,43056,8.96,0.3,200.0,-1.4,22.4
317,6.0,15:30:00,Indiana,43130,8.18,-0.4,1980.0,-1.4,22.4
318,4.0,21:00:00,Indiana,43639,7.64,-0.2,4045.0,-1.4,22.4
319,6.0,19:30:00,Indiana,43774,9.57,-0.2,2730.0,-1.4,22.4
320,5.0,16:45:00,Indiana,43109,8.75,-0.4,3314.0,-1.4,22.4
321,5.0,22:00:00,Indiana,43760,7.76,-0.7,7319.0,-1.4,22.4
322,6.0,13:44:00,Indiana,43760,7.68,-0.5,1.0,-1.4,22.4
323,9.0,19:01:00,Indiana,44344,7.47,-0.9,47.0,-1.4,22.4
324,7.0,17:19:00,Indiana,43056,8.92,0.1,1440.0,-1.4,22.4
325,4.0,08:11:00,Indiana,43056,9.49,-0.4,276.0,-1.4,22.4
326,8.0,13:13:00,Indiana,43056,8.96,0.3,0.0,-1.4,22.4
327,7.0,13:32:00,Indiana,43109,8.79,-0.3,0.0,-1.4,22.4
328,5.0,22:14:00,Indiana,43109,8.75,-0.4,3646.0,-1.4,22.4
329,8.0,03:00:00,Indiana,43760,8.16,-0.3,1130.0,-1.4,22.4
330,11.0,10:10:00,Indiana,43774,9.71,-0.3,2880.0,-1.4,22.4
331,6.0,17:48:00,Indiana,43130,8.18,-0.4,513.0,-1.4,22.4
332,12.0,16:02:00,Indiana,43760,8.0,-0.7,35.0,-1.4,22.4
333,1.0,07:50:00,Indiana,40775,8.21,-0.7,23773.0,-1.4,22.4
334,6.0,16:55:00,Indiana,43760,7.68,-0.5,10.0,-1.4,22.4
335,7.0,03:00:00,Indiana,43760,8.05,-0.4,3872.0,-1.4,22.4
336,6.0,22:03:00,Indiana,43130,8.18,-0.4,23187.0,-1.4,22.4
337,1.0,06:00:00,Indiana,40775,8.21,-0.7,12240.0,-1.4,22.4
338,6.0,23:00:00,Alabama,37083,10.98,0.0,390.0,8.1,25.9
339,,,Alabama,33712,,,,8.1,25.9
340,12.0,11:36:00,Alabama,33712,6.64,-0.8,3264.0,8.1,25.9
341,8.0,21:30:00,Alabama,33712,6.95,-0.5,1230.0,8.1,25.9
342,7.0,20:00:00,Alabama,37597,10.98,1.2,803.0,8.1,25.9
343,4.0,15:36:00,Alabama,36865,10.31,-0.2,77.0,8.1,25.9
344,6.0,16:00:00,Mississippi,31651,10.76,0.0,30.0,8.2,26.4
345,5.0,01:00:00,Mississippi,31111,9.74,-0.4,300.0,8.2,26.4
346,5.0,01:00:00,Mississippi,31651,10.84,-0.1,1.0,8.2,26.4
347,5.0,00:40:00,Mississippi,31894,10.96,0.8,5.0,8.2,26.4
348,5.0,09:00:00,Illinois,51172,8.84,-0.4,1450.0,-2.1,23.0
349,6.0,17:00:00,Illinois,50290,9.19,-0.4,2680.0,-2.1,23.0
350,5.0,18:00:00,Illinois,49276,7.38,-0.7,,-2.1,23.0
351,8.0,16:00:00,Illinois,53015,8.75,-0.6,7609.0,-2.1,23.0
352,6.0,23:30:00,Illinois,52264,7.76,-0.1,150.0,-2.1,23.0
353,10.0,09:00:00,Illinois,50290,8.87,-1.5,3000.0,-2.1,23.0
354,7.0,23:00:00,Illinois,52264,7.98,0.1,420.0,-2.1,23.0
355,11.0,14:31:00,Illinois,51812,8.04,-0.3,479.0,-2.1,23.0
356,10.0,14:00:00,Illinois,52683,8.1,0.7,1680.0,-2.1,23.0
357,6.0,16:00:00,Illinois,50290,9.19,-0.4,2700.0,-2.1,23.0
358,6.0,20:37:00,Illinois,51447,8.24,0.2,149.0,-2.1,23.0
359,6.0,22:30:00,Illinois,51172,9.0,-0.3,1110.0,-2.1,23.0
360,6.0,20:00:00,Illinois,52359,9.45,0.0,2790.0,-2.1,23.0
361,6.0,13:00:00,Illinois,50010,9.12,0.4,659.0,-2.1,23.0
362,8.0,21:00:00,Illinois,50674,8.23,0.6,1320.0,-2.1,23.0
363,7.0,02:30:00,Illinois,51172,8.8,-0.3,1830.0,-2.1,23.0
364,7.0,13:00:00,Illinois,52264,7.98,0.1,3000.0,-2.1,23.0
365,,,Illinois,49276,,,,-2.1,23.0
366,7.0,07:30:00,Illinois,52264,7.98,0.1,870.0,-2.1,23.0
367,5.0,09:30:00,Illinois,51621,9.12,-0.7,810.0,-2.1,23.0
368,6.0,19:30:00,Illinois,51812,8.03,-0.2,1336.0,-2.1,23.0
369,6.0,21:45:00,Illinois,51172,9.0,-0.3,1695.0,-2.1,23.0
370,7.0,09:00:00,Illinois,49579,7.95,0.1,360.0,-2.1,23.0
371,8.0,19:30:00,Illinois,51812,8.42,-0.3,360.0,-2.1,23.0
372,4.0,20:00:00,Illinois,51172,8.65,-0.5,120.0,-2.1,23.0
373,8.0,18:00:00,Illinois,51621,9.69,-0.3,3000.0,-2.1,23.0
374,8.0,21:30:00,Illinois,51172,9.16,-0.6,1290.0,-2.1,23.0
375,7.0,17:30:00,Illinois,50674,8.2,0.5,1530.0,-2.1,23.0
376,3.0,20:30:00,Illinois,52683,7.43,-0.4,2370.0,-2.1,23.0
377,12.0,01:00:00,Illinois,53015,8.89,-1.3,1200.0,-2.1,23.0
378,7.0,18:00:00,Illinois,53015,8.63,-0.4,1200.0,-2.1,23.0
379,8.0,00:30:00,Illinois,53640,9.05,1.4,90.0,-2.1,23.0
380,11.0,17:00:00,Illinois,49579,6.84,0.3,120.0,-2.1,23.0
381,8.0,16:00:00,Illinois,49276,7.87,-0.5,1200.0,-2.1,23.0
382,1.0,10:59:00,Illinois,52359,8.97,-0.5,2761.0,-2.1,23.0
383,6.0,08:00:00,Illinois,51621,9.73,-0.5,720.0,-2.1,23.0
384,8.0,17:30:00,Illinois,52264,7.99,0.3,1120.0,-2.1,23.0
385,10.0,17:00:00,Illinois,50290,8.87,-1.5,2100.0,-2.1,23.0
386,7.0,03:00:00,Illinois,49579,7.95,0.1,960.0,-2.1,23.0
387,6.0,04:30:00,Illinois,51172,9.0,-0.3,450.0,-2.1,23.0
388,7.0,21:00:00,Illinois,52683,8.7,0.1,1440.0,-2.1,23.0
389,2.0,21:00:00,Illinois,51172,8.64,-1.0,1020.0,-2.1,23.0
390,7.0,09:00:00,Illinois,51172,8.8,-0.3,0.0,-2.1,23.0
391,6.0,09:30:00,Illinois,51621,9.73,-0.5,2010.0,-2.1,23.0
392,7.0,13:00:00,Illinois,51172,8.8,-0.3,120.0,-2.1,23.0
393,5.0,13:30:00,Illinois,50010,9.15,0.2,9230.0,-2.1,23.0
394,2.0,19:20:00,Washington,53622,7.73,-0.5,1240.0,0.6,17.7
395,12.0,08:45:00,Washington,52822,7.67,-0.9,465.0,0.6,17.7
396,2.0,08:55:00,Washington,53622,7.73,-0.5,0.0,0.6,17.7
397,12.0,05:00:00,Washington,53051,7.55,-1.4,2460.0,0.6,17.7
398,1.0,21:17:00,Washington,54662,7.91,-0.5,1183.0,0.6,17.7
399,8.0,11:00:00,Washington,55403,8.06,1.4,8880.0,0.6,17.7
400,8.0,10:26:00,Washington,52822,7.4,-0.6,394.0,0.6,17.7
401,4.0,11:56:00,Washington,53622,7.68,-0.4,219.0,0.6,17.7
402,4.0,07:53:00,Washington,53622,7.68,-0.4,487.0,0.6,17.7
403,5.0,15:28:00,Washington,55403,7.98,0.8,19.0,0.6,17.7
404,12.0,12:02:00,Washington,53622,7.76,-0.2,28.0,0.6,17.7
405,6.0,12:58:00,Washington,52822,7.46,-0.3,0.0,0.6,17.7
406,10.0,09:00:00,Washington,53622,7.7,0.3,1.0,0.6,17.7
407,1.0,00:00:00,Washington,49648,6.35,0.3,5340.0,0.6,17.7
408,11.0,13:00:00,Washington,52727,6.87,0.9,8940.0,0.6,17.7
409,9.0,08:13:00,Washington,52822,7.53,-0.8,467.0,0.6,17.7
410,12.0,21:26:00,Washington,52822,7.67,-0.9,0.0,0.6,17.7
411,1.0,07:00:00,Washington,53622,7.66,-0.7,1920.0,0.6,17.7
412,3.0,13:24:00,Washington,53622,7.75,-0.4,0.0,0.6,17.7
413,7.0,12:47:00,Washington,55403,8.16,1.2,25.0,0.6,17.7
414,12.0,04:00:00,Washington,55403,8.51,2.3,420.0,0.6,17.7
415,1.0,02:00:00,Washington,54931,6.67,0.7,2040.0,0.6,17.7
416,3.0,10:17:00,Washington,53622,7.75,-0.4,0.0,0.6,17.7
417,7.0,13:00:00,Washington,57796,,-0.3,1.0,0.6,17.7
418,9.0,16:17:00,Washington,52822,7.53,-0.8,1423.0,0.6,17.7
419,11.0,10:00:00,Washington,52822,7.64,-1.0,60.0,0.6,17.7
420,12.0,14:00:00,Washington,52822,7.67,-0.9,1620.0,0.6,17.7
421,11.0,00:00:00,Washington,53760,7.97,-0.3,3300.0,0.6,17.7
422,8.0,09:35:00,Washington,52822,7.4,-0.6,385.0,0.6,17.7
423,3.0,23:50:00,Washington,55403,8.23,0.6,663.0,0.6,17.7
424,4.0,14:01:00,Washington,52822,7.42,-0.5,123.0,0.6,17.7
425,9.0,18:44:00,Washington,52822,7.53,-0.8,1276.0,0.6,17.7
426,3.0,04:00:00,Washington,57796,8.48,1.6,1919.0,0.6,17.7
427,3.0,14:00:00,Washington,57796,8.48,1.6,,0.6,17.7
428,7.0,09:10:00,Washington,52822,7.41,-0.3,440.0,0.6,17.7
429,2.0,04:30:00,Washington,52727,6.59,-0.6,6690.0,0.6,17.7
430,3.0,15:00:00,Washington,57796,8.48,1.6,,0.6,17.7
431,7.0,19:25:00,Washington,52822,7.41,-0.3,0.0,0.6,17.7
432,8.0,10:00:00,Washington,55403,8.06,1.4,,0.6,17.7
433,2.0,05:33:00,Washington,53622,7.73,-0.5,717.0,0.6,17.7
434,4.0,16:25:00,Washington,52691,6.96,-0.1,1204.0,0.6,17.7
435,4.0,15:33:00,Washington,53622,7.68,-0.4,292.0,0.6,17.7
436,4.0,11:30:00,Washington,57796,8.3,1.1,313.0,0.6,17.7
437,7.0,10:00:00,Washington,53760,7.74,-0.3,1.0,0.6,17.7
438,12.0,06:55:00,Washington,53622,7.76,-0.2,5.0,0.6,17.7
439,10.0,15:00:00,Washington,54931,6.65,-1.1,6276.0,0.6,17.7
440,2.0,13:00:00,Washington,52822,7.46,-1.0,0.0,0.6,17.7
441,1.0,16:46:00,Washington,53760,7.75,-0.4,74.0,0.6,17.7
442,1.0,09:40:00,Washington,53622,7.66,-0.7,0.0,0.6,17.7
443,11.0,09:00:00,Washington,55403,8.47,2.2,,0.6,17.7
444,8.0,12:52:00,Washington,54740,6.71,-0.3,248.0,0.6,17.7
445,7.0,12:07:00,Washington,52822,7.41,-0.3,1.0,0.6,17.7
446,11.0,23:00:00,Washington,53051,7.6,-1.4,2700.0,0.6,17.7
447,2.0,11:24:00,Washington,53622,7.73,-0.5,25.0,0.6,17.7
448,2.0,14:54:00,Washington,52822,7.46,-1.0,126.0,0.6,17.7
449,8.0,20:15:00,Washington,53760,7.67,-0.3,1.0,0.6,17.7
450,8.0,12:45:00,Washington,53622,7.58,0.3,255.0,0.6,17.7
451,9.0,19:53:00,Washington,52822,7.53,-0.8,1207.0,0.6,17.7
452,6.0,22:31:00,Washington,52822,7.46,-0.3,0.0,0.6,17.7
453,6.0,18:55:00,Washington,52822,7.46,-0.3,0.0,0.6,17.7
454,9.0,12:55:00,Washington,52822,7.53,-0.8,245.0,0.6,17.7
455,10.0,08:04:00,Washington,52822,7.54,-0.9,476.0,0.6,17.7
456,3.0,16:55:00,Washington,57796,8.48,1.6,,0.6,17.7
457,11.0,10:00:00,Washington,55403,8.47,2.2,,0.6,17.7
458,7.0,10:55:00,Washington,55403,8.16,1.2,,0.6,17.7
459,7.0,15:05:00,Washington,53622,7.58,0.1,1.0,0.6,17.7
460,12.0,00:01:00,Washington,52727,6.91,0.9,2639.0,0.6,17.7
461,4.0,08:08:00,Washington,53622,7.68,-0.4,502.0,0.6,17.7
462,6.0,09:52:00,Washington,54662,7.69,0.0,548.0,0.6,17.7
463,8.0,09:51:00,Washington,52822,7.4,-0.6,369.0,0.6,17.7
464,12.0,07:00:00,Washington,49457,6.21,0.3,6480.0,0.6,17.7
465,5.0,11:05:00,Washington,53622,7.56,-0.3,15.0,0.6,17.7
466,7.0,13:10:00,Washington,53760,7.74,-0.3,5.0,0.6,17.7
467,5.0,09:12:00,Washington,57796,8.22,0.6,,0.6,17.7
468,12.0,09:30:00,Washington,52822,7.67,-0.9,1.0,0.6,17.7
469,1.0,11:22:00,Washington,53622,7.66,-0.7,0.0,0.6,17.7
470,12.0,08:48:00,Washington,52822,7.67,-0.9,432.0,0.6,17.7
471,6.0,19:21:00,Washington,55403,8.11,1.0,21.0,0.6,17.7
472,9.0,11:43:00,Washington,52822,7.53,-0.8,1697.0,0.6,17.7
473,6.0,20:12:00,Washington,52822,7.46,-0.3,0.0,0.6,17.7
474,4.0,20:55:00,Washington,53622,7.68,-0.4,2615.0,0.6,17.7
475,12.0,05:30:00,Washington,52727,6.91,0.9,9630.0,0.6,17.7
476,2.0,01:34:00,Washington,52727,6.59,-0.6,3507.0,0.6,17.7
477,12.0,17:00:00,Washington,52727,6.91,0.9,2820.0,0.6,17.7
478,7.0,11:46:00,Washington,52822,7.41,-0.3,314.0,0.6,17.7
479,11.0,13:00:00,Washington,52727,6.87,0.9,5855.0,0.6,17.7
480,6.0,10:36:00,Washington,52822,7.46,-0.3,0.0,0.6,17.7
481,1.0,12:45:00,Washington,53622,7.66,-0.7,0.0,0.6,17.7
482,3.0,01:48:00,Washington,54662,8.12,-0.4,1.0,0.6,17.7
483,12.0,04:30:00,Washington,52727,6.91,0.9,22769.0,0.6,17.7
484,5.0,18:30:00,Washington,53622,7.56,-0.3,70.0,0.6,17.7
485,4.0,12:35:00,Washington,49648,6.1,0.1,4285.0,0.6,17.7
486,8.0,10:05:00,Washington,52822,7.4,-0.6,355.0,0.6,17.7
487,1.0,09:35:00,Washington,53622,7.66,-0.7,0.0,0.6,17.7
488,8.0,13:00:00,Washington,55403,8.06,1.4,2520.0,0.6,17.7
489,1.0,12:14:00,Washington,53622,7.66,-0.7,0.0,0.6,17.7
490,5.0,13:21:00,Washington,53760,7.69,-0.2,180.0,0.6,17.7
491,6.0,14:11:00,Arizona,38442,10.31,-0.3,554.0,6.4,25.6
492,2.0,14:30:00,Arizona,38244,9.66,0.5,50.0,6.4,25.6
493,2.0,06:20:00,Arizona,38244,9.66,0.5,70.0,6.4,25.6
494,12.0,09:43:00,Arizona,38303,9.17,-0.3,180.0,6.4,25.6
495,7.0,23:20:00,Arizona,38303,10.5,-0.3,3842.0,6.4,25.6
496,7.0,15:15:00,Arizona,40763,7.26,0.1,35.0,6.4,25.6
497,10.0,07:13:00,Arizona,38303,9.93,-0.3,1.0,6.4,25.6
498,8.0,08:40:00,Arizona,38303,10.39,-0.3,189.0,6.4,25.6
499,7.0,06:00:00,Arizona,41169,7.57,0.5,49320.0,6.4,25.6
500,12.0,01:00:00,Arizona,38325,8.61,1.3,4200.0,6.4,25.6
501,5.0,11:00:00,Arizona,38438,10.59,-0.1,353.0,6.4,25.6
502,1.0,16:44:00,Arizona,38438,9.45,-0.5,1.0,6.4,25.6
503,1.0,12:30:00,Arizona,38438,9.45,-0.5,87.0,6.4,25.6
504,6.0,15:54:00,Arizona,39247,8.1,-0.7,66.0,6.4,25.6
505,4.0,15:00:00,Arizona,39387,6.87,0.2,,6.4,25.6
506,6.0,09:30:00,Arizona,38438,10.91,0.0,1.0,6.4,25.6
507,2.0,16:35:00,Arizona,38940,9.87,2.0,227.0,6.4,25.6
508,1.0,15:00:00,Arizona,38438,9.45,-0.5,,6.4,25.6
509,12.0,01:01:00,Arizona,38303,9.17,-0.3,1440.0,6.4,25.6
510,4.0,16:09:00,Arizona,38442,9.25,-0.5,1.0,6.4,25.6
511,12.0,11:00:00,Arizona,38303,9.17,-0.3,2700.0,6.4,25.6
512,5.0,01:15:00,Arizona,39247,7.23,-0.7,,6.4,25.6
513,7.0,06:00:00,Arizona,41169,7.57,0.5,49320.0,6.4,25.6
514,2.0,08:15:00,Arizona,38244,9.66,0.5,2.0,6.4,25.6
515,2.0,06:22:00,Arizona,38442,8.76,-1.0,215.0,6.4,25.6
516,3.0,17:25:00,Arizona,38438,9.34,-0.4,451.0,6.4,25.6
517,6.0,07:41:00,Arizona,41169,7.61,0.3,418.0,6.4,25.6
518,7.0,18:55:00,Arizona,40763,7.26,0.1,100.0,6.4,25.6
519,6.0,22:30:00,Maryland,53824,10.62,-0.1,2021.0,1.5,22.9
520,1.0,13:09:00,Maryland,50700,6.29,0.3,1671.0,1.5,22.9
521,2.0,00:06:00,Maryland,52823,9.32,-0.6,3938.0,1.5,22.9
522,6.0,15:00:00,Maryland,53471,13.3,-0.5,4470.0,1.5,22.9
523,12.0,10:00:00,Maryland,50700,7.62,0.7,2279.0,1.5,22.9
524,2.0,21:00:00,Maryland,52823,9.32,-0.6,4440.0,1.5,22.9
525,7.0,18:00:00,Maryland,52165,9.45,0.0,2760.0,1.5,22.9
526,1.0,10:43:00,Maryland,53342,10.29,-0.4,0.0,1.5,22.9
527,10.0,00:00:00,Maryland,53824,10.54,0.3,1.0,1.5,22.9
528,2.0,14:30:00,Maryland,54062,11.71,-1.0,0.0,1.5,22.9
529,10.0,00:00:00,Maryland,53824,10.54,0.3,1.0,1.5,22.9
530,1.0,14:20:00,Maryland,53879,10.9,-0.5,1840.0,1.5,22.9
531,10.0,03:34:00,Maryland,54062,10.84,-0.9,428.0,1.5,22.9
532,3.0,01:27:00,Maryland,53824,10.36,-0.4,331.0,1.5,22.9
533,8.0,23:00:00,Maryland,54062,11.41,-0.6,1980.0,1.5,22.9
534,10.0,00:00:00,Maryland,53824,10.54,0.3,1.0,1.5,22.9
535,3.0,10:16:00,Maryland,53342,10.25,-0.3,1.0,1.5,22.9
536,11.0,11:00:00,Maryland,48920,6.41,0.3,1950.0,1.5,22.9
537,2.0,15:23:00,Maryland,54062,11.71,-1.0,3037.0,1.5,22.9
538,11.0,09:34:00,Maryland,53824,9.79,0.1,1.0,1.5,22.9
539,2.0,00:00:00,Maryland,53342,10.38,-0.4,1.0,1.5,22.9
540,1.0,13:04:00,Maryland,53879,10.9,-0.5,1196.0,1.5,22.9
541,7.0,01:02:00,Maryland,52165,9.45,0.0,5628.0,1.5,22.9
542,9.0,00:00:00,Maryland,53824,10.51,0.3,1440.0,1.5,22.9
543,7.0,15:10:00,Maryland,53775,12.06,-0.9,7700.0,1.5,22.9
544,10.0,00:00:00,Maryland,53824,10.54,0.3,2.0,1.5,22.9
545,9.0,00:00:00,Maryland,48920,8.02,0.2,12890.0,1.5,22.9
546,1.0,18:28:00,Maryland,54062,11.51,-1.3,4232.0,1.5,22.9
547,6.0,01:10:00,Maryland,53342,10.9,-0.2,95.0,1.5,22.9
548,6.0,18:30:00,Maryland,52823,11.69,0.0,2610.0,1.5,22.9
549,6.0,01:00:00,Maryland,53824,10.62,-0.1,4320.0,1.5,22.9
550,5.0,13:08:00,Maryland,54062,11.41,-0.4,17.0,1.5,22.9
551,3.0,16:27:00,Maryland,53342,10.25,-0.3,113.0,1.5,22.9
552,2.0,07:54:00,Maryland,53342,10.38,-0.4,0.0,1.5,22.9
553,10.0,17:13:00,Maryland,53824,10.54,0.3,2507.0,1.5,22.9
554,2.0,09:30:00,Maryland,53342,10.38,-0.4,0.0,1.5,22.9
555,2.0,08:05:00,Maryland,53879,11.86,-0.5,1.0,1.5,22.9
556,11.0,06:00:00,Maryland,48920,6.41,0.3,4920.0,1.5,22.9
557,10.0,00:00:00,Maryland,53824,10.54,0.3,1.0,1.5,22.9
558,8.0,16:00:00,Maryland,48920,8.12,0.2,4080.0,1.5,22.9
559,6.0,12:37:00,Maryland,53824,10.62,-0.1,0.0,1.5,22.9
560,6.0,18:00:00,Maryland,53342,10.9,-0.2,960.0,1.5,22.9
561,9.0,15:40:00,Maryland,53824,10.51,0.3,185.0,1.5,22.9
562,6.0,15:00:00,Maryland,53471,13.3,-0.5,1320.0,1.5,22.9
563,4.0,16:49:00,Maryland,55786,11.01,1.1,1673.0,1.5,22.9
564,6.0,17:25:00,Maryland,52922,11.88,0.4,2855.0,1.5,22.9
565,4.0,14:00:00,Maryland,53290,11.22,-0.1,3060.0,1.5,22.9
566,3.0,07:30:00,Maryland,54062,11.46,-0.7,565.0,1.5,22.9
567,10.0,00:00:00,Maryland,53824,10.54,0.3,1.0,1.5,22.9
568,10.0,00:00:00,Maryland,53824,10.54,0.3,1.0,1.5,22.9
569,8.0,16:22:00,Maryland,48920,8.12,0.2,7298.0,1.5,22.9
570,2.0,17:00:00,Maryland,53290,11.25,0.4,5790.0,1.5,22.9
571,7.0,15:20:00,Maryland,53775,12.06,-0.9,3040.0,1.5,22.9
572,8.0,20:30:00,Maryland,54062,11.41,-0.6,11700.0,1.5,22.9
573,6.0,22:43:00,Maryland,53824,10.62,-0.1,7987.0,1.5,22.9
574,4.0,12:30:00,Maryland,54388,11.29,0.7,304.0,1.5,22.9
575,7.0,17:50:00,Maryland,52165,9.45,0.0,4517.0,1.5,22.9
576,1.0,14:25:00,Maryland,53342,10.29,-0.4,0.0,1.5,22.9
577,7.0,18:38:00,Pennsylvania,45444,9.09,0.1,3058.0,-2.0,20.3
578,10.0,08:59:00,Pennsylvania,46239,9.95,-0.9,13381.0,-2.0,20.3
579,4.0,17:15:00,Pennsylvania,45731,10.22,0.5,2865.0,-2.0,20.3
580,5.0,04:08:00,Pennsylvania,46239,10.06,-0.4,152.0,-2.0,20.3
581,9.0,17:42:00,Pennsylvania,47159,9.23,-0.2,380.0,-2.0,20.3
582,2.0,22:30:00,Pennsylvania,45731,10.29,1.2,9450.0,-2.0,20.3
583,10.0,12:57:00,Pennsylvania,46239,9.95,-0.9,7803.0,-2.0,20.3
584,6.0,19:00:00,Pennsylvania,45819,9.78,-0.5,5579.0,-2.0,20.3
585,10.0,18:11:00,Pennsylvania,46648,9.34,0.3,8979.0,-2.0,20.3
586,9.0,15:00:00,Pennsylvania,45444,9.06,0.5,4800.0,-2.0,20.3
587,6.0,18:00:00,Pennsylvania,45444,9.38,0.0,3060.0,-2.0,20.3
588,9.0,16:08:00,Pennsylvania,45731,10.18,-1.4,4792.0,-2.0,20.3
589,7.0,06:06:00,Pennsylvania,46648,9.34,0.1,3894.0,-2.0,20.3
590,6.0,16:43:00,Pennsylvania,45001,8.84,0.2,1757.0,-2.0,20.3
591,8.0,00:30:00,Pennsylvania,46239,10.19,-0.6,2880.0,-2.0,20.3
592,1.0,15:45:00,Pennsylvania,45444,8.51,-0.7,2985.0,-2.0,20.3
593,1.0,20:16:00,Pennsylvania,50978,9.43,2.2,164.0,-2.0,20.3
594,9.0,17:38:00,Pennsylvania,45731,10.18,-1.4,3232.0,-2.0,20.3
595,12.0,07:30:00,Pennsylvania,44536,8.23,0.7,2319.0,-2.0,20.3
596,7.0,17:15:00,Pennsylvania,43853,8.88,0.1,4338.0,-2.0,20.3
597,10.0,14:00:00,Pennsylvania,46239,9.95,-0.9,2880.0,-2.0,20.3
598,7.0,16:50:00,Pennsylvania,45001,8.48,0.0,1714.0,-2.0,20.3
599,6.0,17:30:00,Pennsylvania,48944,9.68,1.0,90.0,-2.0,20.3
600,1.0,19:50:00,Pennsylvania,48203,10.43,-0.5,59.0,-2.0,20.3
601,2.0,03:00:00,Pennsylvania,46239,9.91,-1.0,4139.0,-2.0,20.3
602,10.0,17:30:00,Pennsylvania,46648,9.34,0.3,10530.0,-2.0,20.3
603,9.0,17:00:00,Pennsylvania,45819,9.46,-0.3,6938.0,-2.0,20.3
604,2.0,12:30:00,Pennsylvania,46239,9.91,-1.0,930.0,-2.0,20.3
605,7.0,15:15:00,Pennsylvania,50978,,-0.3,278.0,-2.0,20.3
606,9.0,19:00:00,Pennsylvania,45819,9.46,-0.3,299.0,-2.0,20.3
607,3.0,01:00:00,Pennsylvania,45731,9.93,0.9,5320.0,-2.0,20.3
608,8.0,22:00:00,Pennsylvania,46239,10.19,-0.6,2880.0,-2.0,20.3
609,2.0,05:00:00,Pennsylvania,48203,10.53,-0.5,1.0,-2.0,20.3
610,7.0,10:00:00,Pennsylvania,46239,10.33,-0.3,4260.0,-2.0,20.3
611,9.0,00:37:00,Pennsylvania,45819,9.46,-0.3,6713.0,-2.0,20.3
612,2.0,08:00:00,Pennsylvania,44823,9.54,-0.6,5160.0,-2.0,20.3
613,7.0,18:14:00,Pennsylvania,46648,9.34,0.1,1440.0,-2.0,20.3
614,8.0,14:53:00,Pennsylvania,45834,9.38,-0.6,78.0,-2.0,20.3
615,7.0,18:36:00,Pennsylvania,45444,9.09,0.1,7523.0,-2.0,20.3
616,2.0,07:35:00,Pennsylvania,48203,10.53,-0.5,2668.0,-2.0,20.3
617,1.0,06:18:00,Pennsylvania,48203,10.43,-0.5,1.0,-2.0,20.3
618,7.0,16:13:00,Pennsylvania,45731,10.35,-0.9,376.0,-2.0,20.3
619,5.0,19:56:00,Pennsylvania,46239,10.06,-0.4,1324.0,-2.0,20.3
620,2.0,01:00:00,Pennsylvania,48203,10.53,-0.5,6940.0,-2.0,20.3
621,3.0,16:00:00,Pennsylvania,45819,9.08,-1.1,2684.0,-2.0,20.3
622,1.0,19:50:00,Pennsylvania,48203,10.43,-0.5,54.0,-2.0,20.3
623,10.0,03:45:00,Pennsylvania,46239,9.95,-0.9,100.0,-2.0,20.3
624,12.0,17:00:00,Pennsylvania,43153,8.28,1.1,720.0,-2.0,20.3
625,8.0,02:58:00,Pennsylvania,46239,10.19,-0.6,2880.0,-2.0,20.3
626,7.0,18:21:00,Pennsylvania,46648,9.34,0.1,3189.0,-2.0,20.3
627,12.0,10:00:00,Pennsylvania,43153,8.28,1.1,2790.0,-2.0,20.3
628,10.0,08:59:00,Pennsylvania,46239,9.95,-0.9,13679.0,-2.0,20.3
629,10.0,23:37:00,Pennsylvania,46239,9.95,-0.9,2843.0,-2.0,20.3
630,10.0,16:00:00,Pennsylvania,46648,9.34,0.3,13488.0,-2.0,20.3
631,10.0,13:38:00,Pennsylvania,48944,9.6,2.0,1642.0,-2.0,20.3
632,6.0,15:30:00,Pennsylvania,45731,10.26,-0.4,7709.0,-2.0,20.3
633,2.0,18:00:00,Pennsylvania,45731,10.29,1.2,7080.0,-2.0,20.3
634,7.0,07:26:00,Kentucky,38007,8.42,-0.3,1440.0,2.2,23.6
635,1.0,22:00:00,Kentucky,38860,8.97,-0.5,1.0,2.2,23.6
636,2.0,19:00:00,Kentucky,36162,7.85,-0.6,1680.0,2.2,23.6
637,8.0,16:41:00,Kentucky,38007,8.49,-0.6,1579.0,2.2,23.6
638,5.0,09:05:00,Kentucky,36162,7.52,0.2,652.0,2.2,23.6
639,6.0,00:27:00,Kentucky,39181,9.12,1.0,108.0,2.2,23.6
640,9.0,11:30:00,Kentucky,37858,7.58,-0.3,300.0,2.2,23.6
641,2.0,22:00:00,Kentucky,37858,6.95,-1.3,1020.0,2.2,23.6
642,1.0,05:00:00,Kentucky,36162,7.51,-0.7,3570.0,2.2,23.6
643,1.0,05:03:00,Kentucky,36162,7.51,-0.7,6492.0,2.2,23.6
644,2.0,08:00:00,Kentucky,37858,6.95,-1.3,23700.0,2.2,23.6
645,9.0,10:01:00,Kentucky,37858,7.58,-0.3,10499.0,2.2,23.6
646,1.0,04:00:00,Kentucky,36162,7.51,-0.7,15180.0,2.2,23.6
647,10.0,11:07:00,Utah,42521,8.03,-0.9,0.0,-2.1,20.9
648,10.0,06:30:00,Utah,43798,8.9,2.0,120.0,-2.1,20.9
649,5.0,13:14:00,Utah,43154,9.03,-0.1,1.0,-2.1,20.9
650,11.0,07:38:00,Utah,42796,7.98,-0.3,1.0,-2.1,20.9
651,11.0,15:15:00,Utah,42796,7.98,-0.3,1.0,-2.1,20.9
652,12.0,11:00:00,Utah,42796,7.65,-0.3,1.0,-2.1,20.9
653,1.0,14:37:00,Utah,43154,7.62,-0.5,1.0,-2.1,20.9
654,4.0,18:25:00,Utah,43798,8.46,0.7,1.0,-2.1,20.9
655,1.0,12:00:00,Utah,44947,8.19,2.2,60.0,-2.1,20.9
656,4.0,07:04:00,Utah,43798,8.46,0.7,113.0,-2.1,20.9
657,5.0,21:36:00,Utah,44947,9.32,0.6,204.0,-2.1,20.9
658,10.0,12:25:00,Utah,43798,8.9,2.0,31.0,-2.1,20.9
659,7.0,10:40:00,Utah,42521,7.65,-0.3,57.0,-2.1,20.9
660,1.0,14:32:00,Utah,43154,7.62,-0.5,13.0,-2.1,20.9
661,12.0,08:47:00,Utah,42796,7.65,-0.3,2.0,-2.1,20.9
662,4.0,17:40:00,Utah,42521,6.94,-0.5,11.0,-2.1,20.9
663,7.0,16:17:00,Utah,45332,6.78,-0.4,283.0,-2.1,20.9
664,5.0,06:00:00,Utah,42521,7.57,-0.4,0.0,-2.1,20.9
665,11.0,03:08:00,Utah,42796,7.98,-0.3,1.0,-2.1,20.9
666,2.0,08:15:00,Utah,43576,6.25,-1.3,871.0,-2.1,20.9
667,12.0,10:00:00,Utah,42521,6.96,-0.9,1631.0,-2.1,20.9
668,4.0,13:04:00,Utah,42521,6.94,-0.5,56.0,-2.1,20.9
669,6.0,12:00:00,Utah,44947,9.78,0.1,15.0,-2.1,20.9
670,2.0,10:30:00,Utah,42521,6.85,-1.0,15.0,-2.1,20.9
671,2.0,11:24:00,Utah,43798,8.31,0.5,20.0,-2.1,20.9
672,4.0,10:00:00,Utah,44947,8.49,1.1,60.0,-2.1,20.9
673,3.0,11:07:00,Utah,43154,8.19,-0.4,1.0,-2.1,20.9
674,8.0,02:05:00,Utah,42521,7.39,-0.6,95.0,-2.1,20.9
675,9.0,09:00:00,Utah,42521,7.96,-0.8,300.0,-2.1,20.9
676,3.0,17:06:00,Utah,43154,8.19,-0.4,1.0,-2.1,20.9
677,3.0,02:54:00,Utah,42521,6.86,-0.7,3186.0,-2.1,20.9
678,4.0,07:15:00,Utah,42521,6.94,-0.5,575.0,-2.1,20.9
679,7.0,10:00:00,Utah,41993,7.53,-0.9,2275.0,-2.1,20.9
680,7.0,20:18:00,Utah,42052,7.42,0.5,15.0,-2.1,20.9
681,5.0,07:01:00,Utah,43154,9.03,-0.1,1.0,-2.1,20.9
682,7.0,03:15:00,Utah,42796,8.49,-0.3,44.0,-2.1,20.9
683,2.0,13:21:00,Utah,44947,8.29,2.0,21.0,-2.1,20.9
684,11.0,08:25:00,Utah,42796,7.98,-0.3,1.0,-2.1,20.9
685,5.0,08:52:00,Utah,42521,7.57,-0.4,114.0,-2.1,20.9
686,5.0,15:25:00,Utah,43798,9.22,0.8,1.0,-2.1,20.9
687,8.0,03:00:00,Utah,42796,8.56,-0.3,60.0,-2.1,20.9
688,5.0,02:00:00,Ohio,44413,7.73,0.2,4920.0,-1.4,21.6
689,6.0,15:45:00,Ohio,42320,7.84,-0.7,,-1.4,21.6
690,5.0,02:00:00,Ohio,44413,7.73,0.2,4920.0,-1.4,21.6
691,8.0,12:00:00,Ohio,44738,8.41,0.3,420.0,-1.4,21.6
692,8.0,09:30:00,Ohio,43610,9.74,-0.6,0.0,-1.4,21.6
693,11.0,11:53:00,Ohio,46867,10.2,2.2,7.0,-1.4,21.6
694,5.0,17:45:00,Ohio,44394,9.43,-0.3,21.0,-1.4,21.6
695,3.0,09:54:00,Ohio,43610,9.8,-0.7,340.0,-1.4,21.6
696,9.0,14:00:00,Ohio,43646,9.37,-0.3,4200.0,-1.4,21.6
697,1.0,23:23:00,Ohio,43646,8.59,-1.4,805.0,-1.4,21.6
698,7.0,04:00:00,Ohio,43223,7.68,0.1,5040.0,-1.4,21.6
699,6.0,14:10:00,Ohio,44394,9.28,-0.1,7430.0,-1.4,21.6
700,8.0,00:30:00,Ohio,43610,9.74,-0.6,5490.0,-1.4,21.6
701,7.0,16:20:00,Ohio,44394,9.33,0.1,165.0,-1.4,21.6
702,2.0,02:30:00,Ohio,41453,9.4,-0.6,3630.0,-1.4,21.6
703,1.0,16:00:00,Ohio,44772,7.59,0.7,11640.0,-1.4,21.6
704,7.0,17:30:00,Ohio,44736,9.39,-0.3,1590.0,-1.4,21.6
705,8.0,16:10:00,Ohio,43223,7.57,0.2,3137.0,-1.4,21.6
706,12.0,03:19:00,Ohio,43610,9.25,-0.9,1440.0,-1.4,21.6
707,4.0,00:00:00,Ohio,44772,8.01,0.5,7920.0,-1.4,21.6
708,7.0,16:38:00,Ohio,43610,9.64,-0.3,360.0,-1.4,21.6
709,1.0,12:20:00,Ohio,46137,9.33,-0.5,0.0,-1.4,21.6
710,1.0,14:00:00,Ohio,43223,7.09,0.9,1440.0,-1.4,21.6
711,7.0,18:30:00,Ohio,44394,9.33,0.1,1372.0,-1.4,21.6
712,4.0,06:00:00,Ohio,44772,8.01,0.5,6480.0,-1.4,21.6
713,7.0,03:00:00,Ohio,43646,9.31,-0.4,2190.0,-1.4,21.6
714,5.0,23:45:00,Ohio,44394,9.43,-0.3,285.0,-1.4,21.6
715,2.0,08:32:00,Ohio,44736,9.18,-0.4,75.0,-1.4,21.6
716,6.0,13:48:00,Ohio,42299,9.75,-0.4,1843.0,-1.4,21.6
717,9.0,14:50:00,Ohio,43610,9.8,-0.8,1.0,-1.4,21.6
718,9.0,17:00:00,Ohio,43646,9.37,-0.3,11531.0,-1.4,21.6
719,12.0,18:20:00,Ohio,44738,8.21,0.9,1420.0,-1.4,21.6
720,7.0,13:13:00,Ohio,43610,9.64,-0.3,0.0,-1.4,21.6
721,2.0,02:30:00,Ohio,41453,9.4,-0.6,930.0,-1.4,21.6
722,9.0,17:00:00,Ohio,43646,9.37,-0.3,11420.0,-1.4,21.6
723,10.0,15:44:00,Ohio,43610,9.54,-0.9,0.0,-1.4,21.6
724,7.0,11:34:00,Ohio,43610,9.64,-0.3,352.0,-1.4,21.6
725,8.0,12:52:00,Ohio,43610,9.74,-0.6,0.0,-1.4,21.6
726,6.0,14:00:00,Ohio,43610,9.7,-0.3,960.0,-1.4,21.6
727,12.0,13:37:00,Ohio,41453,9.34,1.3,1733.0,-1.4,21.6
728,4.0,05:00:00,Ohio,43610,9.83,-0.5,3690.0,-1.4,21.6
729,10.0,16:00:00,Ohio,44394,9.59,0.3,10619.0,-1.4,21.6
730,1.0,09:45:00,Ohio,46137,9.33,-0.5,634.0,-1.4,21.6
731,5.0,10:00:00,North Carolina,42201,6.23,-0.7,11280.0,5.6,24.3
732,9.0,15:00:00,North Carolina,45122,6.92,0.0,1440.0,5.6,24.3
733,6.0,18:00:00,North Carolina,46349,7.08,0.0,180.0,5.6,24.3
734,4.0,14:16:00,North Carolina,43302,7.86,-0.5,1574.0,5.6,24.3
735,1.0,20:35:00,North Carolina,42852,8.43,-0.4,45.0,5.6,24.3
736,2.0,07:02:00,North Carolina,42746,8.67,-0.5,563.0,5.6,24.3
737,6.0,19:17:00,North Carolina,43302,8.09,-0.3,388.0,5.6,24.3
738,7.0,16:47:00,North Carolina,42746,9.06,0.1,373.0,5.6,24.3
739,2.0,12:10:00,North Carolina,43332,8.97,-0.5,4510.0,5.6,24.3
740,12.0,14:50:00,North Carolina,42746,8.56,-0.2,290.0,5.6,24.3
741,2.0,03:30:00,North Carolina,44054,8.59,0.5,1950.0,5.6,24.3
742,7.0,17:45:00,North Carolina,42746,9.06,0.1,270.0,5.6,24.3
743,7.0,20:50:00,North Carolina,44194,,-0.3,1355.0,5.6,24.3
744,2.0,18:02:00,North Carolina,45321,7.11,-1.3,1318.0,5.6,24.3
745,8.0,18:30:00,North Carolina,42201,6.56,-0.5,2490.0,5.6,24.3
746,1.0,16:15:00,North Carolina,43332,8.59,-0.5,1265.0,5.6,24.3
747,8.0,02:00:00,North Carolina,43302,8.28,-0.6,195.0,5.6,24.3
748,5.0,15:00:00,North Carolina,43332,8.63,-0.1,3120.0,5.6,24.3
749,2.0,11:32:00,North Carolina,43098,6.55,0.7,3388.0,5.6,24.3
750,5.0,00:15:00,North Carolina,43302,7.91,-0.4,1025.0,5.6,24.3
751,9.0,05:30:00,North Carolina,46349,7.43,0.5,990.0,5.6,24.3
752,3.0,11:00:00,North Carolina,45122,6.77,0.5,240.0,5.6,24.3
753,6.0,17:45:00,North Carolina,42852,8.76,-0.2,1485.0,5.6,24.3
754,12.0,14:21:00,North Carolina,42746,8.56,-0.2,129.0,5.6,24.3
755,4.0,14:55:00,North Carolina,43281,8.04,0.5,0.0,5.6,24.3
756,9.0,15:32:00,North Carolina,43098,6.83,0.2,1528.0,5.6,24.3
757,9.0,04:30:00,North Carolina,43894,6.92,0.7,1890.0,5.6,24.3
758,8.0,19:00:00,North Carolina,43302,8.28,-0.6,2551.0,5.6,24.3
759,3.0,19:35:00,North Carolina,43332,8.87,-0.4,985.0,5.6,24.3
760,10.0,11:15:00,North Carolina,42852,9.02,-0.3,405.0,5.6,24.3
761,6.0,13:17:00,North Carolina,42852,8.76,-0.2,1698.0,5.6,24.3
762,7.0,05:53:00,North Carolina,44194,,-0.3,167.0,5.6,24.3
763,12.0,22:55:00,North Carolina,43273,7.88,1.3,1460.0,5.6,24.3
764,1.0,07:58:00,North Carolina,43332,8.59,-0.5,182.0,5.6,24.3
765,8.0,02:57:00,North Carolina,43302,8.28,-0.6,4113.0,5.6,24.3
766,,,North Carolina,42201,,,,5.6,24.3
767,9.0,07:45:00,North Carolina,45321,7.76,-0.3,885.0,5.6,24.3
768,9.0,11:45:00,North Carolina,43098,6.83,0.2,15.0,5.6,24.3
769,6.0,14:18:00,North Carolina,43281,8.2,-0.4,42.0,5.6,24.3
770,3.0,03:30:00,North Carolina,43332,8.87,-0.4,1050.0,5.6,24.3
771,6.0,07:59:00,New Jersey,56428,13.4,0.1,1.0,0.6,22.3
772,6.0,18:18:00,New Jersey,56721,13.86,1.0,132.0,0.6,22.3
773,9.0,20:00:00,New Jersey,57835,12.83,0.5,4140.0,0.6,22.3
774,8.0,00:30:00,New Jersey,54775,14.44,-0.6,2880.0,0.6,22.3
775,1.0,17:00:00,New Jersey,55841,13.71,-0.5,,0.6,22.3
776,10.0,14:30:00,New Jersey,54775,12.69,-0.9,11430.0,0.6,22.3
777,5.0,00:01:00,New Jersey,57998,13.59,-0.7,3599.0,0.6,22.3
778,10.0,14:20:00,New Jersey,54775,12.69,-0.9,0.0,0.6,22.3
779,7.0,18:00:00,New Jersey,55571,13.65,0.1,2941.0,0.6,22.3
780,6.0,18:26:00,New Jersey,56721,13.86,1.0,,0.6,22.3
781,6.0,18:00:00,New Jersey,57998,16.33,-0.5,6090.0,0.6,22.3
782,12.0,17:27:00,New Jersey,57998,13.08,-0.7,1365.0,0.6,22.3
783,9.0,09:15:00,New Jersey,54775,13.4,-0.8,375.0,0.6,22.3
784,8.0,22:00:00,New Jersey,54775,14.44,-0.6,2520.0,0.6,22.3
785,6.0,18:00:00,New Jersey,56721,13.86,1.0,10080.0,0.6,22.3
786,1.0,07:49:00,New Jersey,56428,11.87,2.2,76.0,0.6,22.3
787,9.0,14:59:00,New Jersey,54775,13.4,-0.8,0.0,0.6,22.3
788,2.0,02:00:00,New Jersey,57835,10.04,-0.6,3720.0,0.6,22.3
789,6.0,14:52:00,New Jersey,57998,16.33,-0.5,333.0,0.6,22.3
790,11.0,14:24:00,New Jersey,54775,12.72,-1.0,0.0,0.6,22.3
791,1.0,21:15:00,New Jersey,55841,13.71,-0.5,353.0,0.6,22.3
792,10.0,16:03:00,New Jersey,55571,12.13,0.3,11337.0,0.6,22.3
793,10.0,07:15:00,New Jersey,54775,12.69,-0.9,0.0,0.6,22.3
794,9.0,10:15:00,New Jersey,54775,13.4,-0.8,0.0,0.6,22.3
795,6.0,15:00:00,New Jersey,55469,15.22,-0.4,7020.0,0.6,22.3
796,6.0,01:15:00,New Jersey,55571,13.56,-0.1,11058.0,0.6,22.3
797,1.0,23:00:00,New Jersey,55841,13.71,-0.5,,0.6,22.3
798,10.0,12:00:00,New Jersey,55571,12.13,0.3,9360.0,0.6,22.3
799,3.0,16:00:00,New Jersey,55469,13.19,0.9,3300.0,0.6,22.3
800,7.0,20:45:00,New Jersey,54775,14.27,-0.3,3339.0,0.6,22.3
801,8.0,00:23:00,New Jersey,54775,14.44,-0.6,2880.0,0.6,22.3
802,2.0,15:00:00,New Jersey,55469,13.27,1.2,11580.0,0.6,22.3
803,10.0,08:00:00,New Jersey,55571,12.13,0.3,9600.0,0.6,22.3
804,10.0,09:59:00,New Jersey,54775,12.69,-0.9,13201.0,0.6,22.3
805,3.0,18:00:00,New Jersey,55469,13.19,0.9,9719.0,0.6,22.3
806,8.0,09:52:00,South Carolina,37262,7.15,0.6,488.0,7.8,25.8
807,6.0,23:45:00,South Carolina,35812,9.44,-0.3,2415.0,7.8,25.8
808,1.0,06:00:00,South Carolina,35962,10.17,-0.5,180.0,7.8,25.8
809,2.0,11:03:00,South Carolina,35962,10.3,-0.5,4177.0,7.8,25.8
810,1.0,08:00:00,South Carolina,36388,6.37,-1.6,7440.0,7.8,25.8
811,1.0,10:00:00,South Carolina,37262,6.63,0.3,3480.0,7.8,25.8
812,1.0,22:00:00,South Carolina,36388,6.37,-1.6,6600.0,7.8,25.8
813,1.0,18:00:00,South Carolina,35962,10.17,-0.5,300.0,7.8,25.8
814,3.0,14:20:00,Oregon,51362,8.08,-0.7,1526.0,1.1,17.6
815,12.0,07:45:00,Oregon,51362,8.06,-0.9,60.0,1.1,17.6
816,3.0,15:30:00,Oregon,49482,8.86,0.6,210.0,1.1,17.6
817,4.0,12:07:00,Oregon,48264,8.76,-0.2,2.0,1.1,17.6
818,8.0,14:30:00,Oregon,48323,8.55,-0.3,1350.0,1.1,17.6
819,2.0,15:54:00,Oregon,50751,8.88,2.0,73.0,1.1,17.6
820,1.0,14:39:00,Oregon,49482,8.72,0.6,1.0,1.1,17.6
821,12.0,17:09:00,Oregon,48323,7.08,-0.7,200.0,1.1,17.6
822,2.0,07:00:00,Oregon,49403,8.22,-0.5,0.0,1.1,17.6
823,2.0,14:58:00,Oregon,50751,8.88,2.0,,1.1,17.6
824,12.0,19:00:00,Oregon,45594,6.77,0.9,4380.0,1.1,17.6
825,8.0,14:18:00,Oregon,51362,8.08,-0.6,0.0,1.1,17.6
826,2.0,13:00:00,Oregon,48264,8.85,-0.5,120.0,1.1,17.6
827,7.0,04:00:00,Oregon,50751,,-0.3,2680.0,1.1,17.6
828,1.0,21:00:00,Oregon,48264,8.59,-0.5,840.0,1.1,17.6
829,6.0,04:59:00,Oregon,48323,8.73,-0.2,989.0,1.1,17.6
830,12.0,12:07:00,Oregon,45594,6.77,0.9,4313.0,1.1,17.6
831,5.0,06:56:00,Oregon,51362,8.19,-0.4,214.0,1.1,17.6
832,8.0,11:55:00,Oregon,48323,8.55,-0.3,4.0,1.1,17.6
833,8.0,20:55:00,Oregon,51362,8.08,-0.6,164.0,1.1,17.6
834,1.0,04:24:00,Oregon,49482,8.72,0.6,91.0,1.1,17.6
835,12.0,19:30:00,Oregon,45594,6.77,0.9,1050.0,1.1,17.6
836,5.0,00:01:00,Oregon,48323,8.72,-0.2,838.0,1.1,17.6
837,10.0,15:00:00,Oregon,49482,8.95,2.0,60.0,1.1,17.6
838,2.0,18:43:00,Oregon,48264,8.85,-0.5,1.0,1.1,17.6
839,9.0,15:40:00,Oregon,49482,8.81,1.7,1.0,1.1,17.6
840,2.0,19:00:00,District of Columbia,168377,13.8,1.2,9886.0,3.89,21.33333
841,8.0,23:05:00,District of Columbia,167337,12.77,-0.6,2425.0,3.89,21.33333
842,8.0,15:30:00,District of Columbia,168377,13.31,-1.2,390.0,3.89,21.33333
843,9.0,16:20:00,District of Columbia,155044,8.61,0.2,14500.0,3.89,21.33333
844,1.0,17:00:00,District of Columbia,167337,13.17,-1.3,6660.0,3.89,21.33333
845,2.0,11:38:00,District of Columbia,159340,11.88,-0.4,159.0,3.89,21.33333
846,1.0,19:50:00,District of Columbia,159831,12.67,-0.5,54.0,3.89,21.33333
847,6.0,15:30:00,District of Columbia,159340,11.77,-0.2,30.0,3.89,21.33333
848,6.0,22:15:00,District of Columbia,163461,12.03,-0.1,8077.0,3.89,21.33333
849,8.0,06:45:00,District of Columbia,168377,13.31,-1.2,855.0,3.89,21.33333
850,12.0,21:25:00,Missouri,42984,8.49,2.3,65.0,0.2,24.1
851,5.0,07:30:00,Missouri,41867,7.23,0.2,810.0,0.2,24.1
852,1.0,00:10:00,Missouri,41867,5.96,-0.7,4150.0,0.2,24.1
853,1.0,11:00:00,Missouri,41867,5.96,-0.7,4740.0,0.2,24.1
854,1.0,12:14:00,Missouri,42582,7.74,-0.5,25.0,0.2,24.1
855,8.0,09:50:00,Missouri,42231,10.41,-0.3,0.0,0.2,24.1
856,12.0,11:00:00,Missouri,42984,8.49,2.3,,0.2,24.1
857,8.0,01:30:00,Missouri,42782,7.55,-0.6,2070.0,0.2,24.1
858,12.0,04:30:00,Missouri,42893,6.05,-0.7,870.0,0.2,24.1
859,5.0,17:09:00,Missouri,41564,8.37,-0.4,12652.0,0.2,24.1
860,5.0,12:30:00,Missouri,41564,8.37,-0.4,2880.0,0.2,24.1
861,4.0,21:00:00,Missouri,41564,7.33,-0.5,120.0,0.2,24.1
862,5.0,21:25:00,Missouri,42736,9.35,0.6,1199.0,0.2,24.1
863,5.0,08:00:00,Missouri,42736,9.35,0.6,,0.2,24.1
864,5.0,19:30:00,Missouri,42231,9.47,-0.2,1470.0,0.2,24.1
865,2.0,13:00:00,Missouri,42231,7.97,-0.4,4140.0,0.2,24.1
866,1.0,16:00:00,Missouri,41348,5.17,-0.2,15420.0,0.2,24.1
867,7.0,03:47:00,Delaware,63053,11.23,-0.9,50.0,2.3,23.4
868,1.0,09:20:00,Delaware,62327,9.77,-0.7,0.0,2.3,23.4
869,5.0,09:52:00,Delaware,61004,10.5,-0.2,1.0,2.3,23.4
870,11.0,15:07:00,Delaware,62327,10.48,0.1,1.0,2.3,23.4
871,4.0,10:50:00,Delaware,63603,10.82,-0.5,0.0,2.3,23.4
872,9.0,08:22:00,Delaware,63603,10.29,-0.8,0.0,2.3,23.4
873,6.0,10:45:00,Delaware,62327,10.17,-0.1,0.0,2.3,23.4
874,1.0,03:23:00,Delaware,63603,10.94,-1.3,457.0,2.3,23.4
875,4.0,12:25:00,Delaware,62327,9.84,-0.4,1.0,2.3,23.4
876,4.0,11:30:00,Delaware,61004,10.37,-0.2,1.0,2.3,23.4
877,2.0,16:34:00,Delaware,63603,11.05,-1.0,0.0,2.3,23.4
878,4.0,07:00:00,Delaware,62904,11.04,-0.2,30.0,2.3,23.4
879,10.0,15:15:00,Delaware,62327,10.36,0.3,1.0,2.3,23.4
880,3.0,13:01:00,Delaware,61004,10.23,-0.3,1.0,2.3,23.4
881,2.0,09:10:00,Delaware,63578,10.66,2.0,65.0,2.3,23.4
882,7.0,12:32:00,Delaware,62327,10.1,0.1,1.0,2.3,23.4
883,3.0,19:34:00,Delaware,62327,9.92,-0.4,0.0,2.3,23.4
884,9.0,10:30:00,Delaware,63603,10.29,-0.8,0.0,2.3,23.4
885,9.0,16:41:00,Delaware,63603,10.29,-0.8,0.0,2.3,23.4
886,8.0,07:30:00,Delaware,61004,10.24,-0.3,1.0,2.3,23.4
887,,,Delaware,64013,,,,2.3,23.4
888,4.0,09:31:00,Delaware,62327,9.84,-0.4,1.0,2.3,23.4
889,3.0,16:00:00,Delaware,62327,9.92,-0.4,0.0,2.3,23.4
890,5.0,08:35:00,Delaware,61004,10.5,-0.2,1.0,2.3,23.4
891,11.0,14:50:00,Delaware,62327,10.48,0.1,1.0,2.3,23.4
892,8.0,12:55:00,Delaware,61004,10.24,-0.3,110.0,2.3,23.4
893,10.0,18:51:00,Delaware,62327,10.36,0.3,39.0,2.3,23.4
894,6.0,04:30:00,Delaware,63578,9.99,0.1,1.0,2.3,23.4
895,11.0,12:37:00,Delaware,62327,10.48,0.1,1.0,2.3,23.4
896,4.0,11:00:00,Delaware,61004,10.37,-0.2,1.0,2.3,23.4
897,6.0,17:14:00,Delaware,61004,10.16,-0.2,1.0,2.3,23.4
898,5.0,14:11:00,Delaware,61004,10.5,-0.2,1.0,2.3,23.4
899,4.0,14:35:00,Delaware,62327,9.84,-0.4,1.0,2.3,23.4
900,7.0,06:18:00,Delaware,63578,,-0.3,507.0,2.3,23.4
901,1.0,08:27:00,Delaware,63578,10.08,2.2,213.0,2.3,23.4
902,6.0,17:06:00,Delaware,63463,10.47,1.0,4254.0,2.3,23.4
903,6.0,23:14:00,Delaware,61004,10.16,-0.2,1.0,2.3,23.4
904,11.0,13:26:00,Delaware,61004,10.32,-0.3,1.0,2.3,23.4
905,1.0,19:52:00,Delaware,62904,10.83,-0.5,53.0,2.3,23.4
906,1.0,09:30:00,Delaware,63603,10.94,-1.3,0.0,2.3,23.4
907,1.0,08:26:00,Delaware,62327,9.77,-0.7,0.0,2.3,23.4
908,3.0,12:34:00,Iowa,49397,8.52,-0.4,251.0,-5.7,22.0
909,2.0,18:00:00,Iowa,47406,6.67,0.4,347.0,-5.7,22.0
910,1.0,07:41:00,Iowa,48285,7.86,-0.4,1637.0,-5.7,22.0
911,3.0,16:00:00,Iowa,49397,8.52,-0.4,21360.0,-5.7,22.0
912,4.0,20:27:00,Iowa,48254,7.79,-0.4,2161.0,-5.7,22.0
913,3.0,00:00:00,Iowa,49397,8.52,-0.4,2880.0,-5.7,22.0
914,2.0,19:23:00,Iowa,47406,6.67,0.4,1044.0,-5.7,22.0
915,6.0,15:30:00,Iowa,46097,7.59,-0.5,8670.0,-5.7,22.0
916,3.0,13:37:00,Montana,38820,9.5,-0.4,56.0,-6.0,17.9
917,6.0,16:12:00,Montana,38395,9.79,-0.2,93.0,-6.0,17.9
918,6.0,10:49:00,Montana,37156,8.48,-0.4,13.0,-6.0,17.9
919,4.0,03:11:00,New York,54161,12.97,0.0,2089.0,-4.8,19.2
920,10.0,13:00:00,New York,62777,15.14,0.3,20280.0,-4.8,19.2
921,10.0,16:01:00,New York,62777,15.14,0.3,14639.0,-4.8,19.2
922,8.0,05:00:00,New York,61290,17.05,-0.6,2880.0,-4.8,19.2
923,5.0,11:39:00,New York,53046,11.09,-0.7,681.0,-4.8,19.2
924,6.0,13:25:00,New York,54402,12.72,-0.1,494.0,-4.8,19.2
925,8.0,12:30:00,New York,61290,17.05,-0.6,1.0,-4.8,19.2
926,10.0,15:00:00,New York,61290,15.71,-0.9,5355.0,-4.8,19.2
927,5.0,19:35:00,New York,61290,15.58,-0.4,0.0,-4.8,19.2
928,12.0,06:16:00,New York,62610,14.45,-0.3,3943.0,-4.8,19.2
929,7.0,11:00:00,New York,60291,16.95,-0.4,3300.0,-4.8,19.2
930,5.0,21:29:00,New York,64522,13.59,0.6,191.0,-4.8,19.2
931,3.0,17:25:00,New York,63217,16.84,-0.4,0.0,-4.8,19.2
932,5.0,07:49:00,New York,64522,13.59,0.6,73.0,-4.8,19.2
933,1.0,06:00:00,New York,55866,11.97,0.3,4680.0,-4.8,19.2
934,7.0,10:30:00,New York,62777,16.46,0.1,17310.0,-4.8,19.2
935,8.0,12:00:00,New York,61444,17.13,-1.2,10080.0,-4.8,19.2
936,12.0,02:38:00,New York,58322,14.83,-0.7,10726.0,-4.8,19.2
937,5.0,10:15:00,New York,62610,14.54,-0.2,1.0,-4.8,19.2
938,11.0,11:30:00,New York,63929,14.04,2.2,5.0,-4.8,19.2
939,5.0,20:58:00,New York,62610,14.54,-0.2,2515.0,-4.8,19.2
940,2.0,07:00:00,New York,63217,17.48,-0.5,25920.0,-4.8,19.2
941,7.0,22:30:00,New York,62610,16.75,-0.3,2730.0,-4.8,19.2
942,3.0,18:00:00,New York,61444,15.17,0.9,9480.0,-4.8,19.2
943,12.0,18:00:00,New York,58322,14.83,-0.7,5400.0,-4.8,19.2
944,5.0,11:00:00,New York,61290,15.58,-0.4,30.0,-4.8,19.2
945,1.0,03:06:00,New York,58322,15.48,-1.4,3584.0,-4.8,19.2
946,1.0,17:00:00,New York,61290,15.4,-1.3,3600.0,-4.8,19.2
947,3.0,08:00:00,New York,61290,14.8,-0.7,5850.0,-4.8,19.2
948,6.0,11:00:00,New York,58322,18.75,-0.5,4710.0,-4.8,19.2
949,3.0,00:00:00,New York,63217,16.84,-0.4,1.0,-4.8,19.2
950,8.0,16:11:00,New York,54161,14.25,0.2,1732.0,-4.8,19.2
951,1.0,23:08:00,New York,61290,15.4,-1.3,0.0,-4.8,19.2
952,8.0,10:00:00,New York,61290,17.05,-0.6,23040.0,-4.8,19.2
953,7.0,11:30:00,New York,62610,16.75,-0.3,1800.0,-4.8,19.2
954,10.0,16:16:00,New York,61290,15.71,-0.9,6074.0,-4.8,19.2
955,2.0,11:30:00,New York,64522,13.36,2.0,,-4.8,19.2
956,6.0,15:41:00,New York,60291,16.64,-0.3,49.0,-4.8,19.2
957,8.0,09:42:00,New York,61290,17.05,-0.6,2299.0,-4.8,19.2
958,3.0,15:00:00,New York,61444,15.17,0.9,5760.0,-4.8,19.2
959,7.0,11:00:00,New York,61290,17.26,-0.3,420.0,-4.8,19.2
960,2.0,17:00:00,New York,61444,15.54,1.2,7320.0,-4.8,19.2
961,5.0,12:00:00,New York,61290,15.58,-0.4,2880.0,-4.8,19.2
962,2.0,04:32:00,New York,60149,14.94,-0.6,448.0,-4.8,19.2
963,2.0,22:00:00,New York,61444,15.54,1.2,2520.0,-4.8,19.2
964,5.0,07:30:00,New York,64522,13.59,0.6,18717.0,-4.8,19.2
965,8.0,16:10:00,New York,54161,14.25,0.2,5513.0,-4.8,19.2
966,6.0,11:11:00,New York,61444,17.56,-0.4,21.0,-4.8,19.2
967,11.0,07:30:00,New York,54161,12.24,0.3,2100.0,-4.8,19.2
968,1.0,15:00:00,New York,55866,11.97,0.3,3120.0,-4.8,19.2
969,8.0,07:00:00,New York,61290,17.05,-0.6,8221.0,-4.8,19.2
970,6.0,12:00:00,New York,58421,14.79,0.2,3240.0,-4.8,19.2
971,8.0,00:01:00,New York,61290,17.05,-0.6,2880.0,-4.8,19.2
972,7.0,16:45:00,New York,63929,16.19,1.2,255.0,-4.8,19.2
973,7.0,15:30:00,New York,62610,16.75,-0.3,2355.0,-4.8,19.2
974,9.0,17:56:00,New York,63929,16.12,1.7,161.0,-4.8,19.2
975,6.0,13:15:00,New York,58322,18.75,-0.5,50.0,-4.8,19.2
976,9.0,14:03:00,New York,61290,16.73,-0.8,258.0,-4.8,19.2
977,10.0,20:00:00,New York,60149,15.98,0.7,13140.0,-4.8,19.2
978,8.0,05:01:00,New York,61290,17.05,-0.6,8640.0,-4.8,19.2
979,12.0,14:00:00,New York,61444,15.63,-1.4,18240.0,-4.8,19.2
980,10.0,17:48:00,New York,60149,15.98,0.7,15492.0,-4.8,19.2
981,10.0,18:48:00,New York,62777,15.14,0.3,8268.0,-4.8,19.2
982,6.0,08:00:00,New York,62777,15.93,-0.1,0.0,-4.8,19.2
983,8.0,11:00:00,New York,62610,16.38,-0.3,300.0,-4.8,19.2
984,3.0,08:00:00,New York,61290,14.8,-0.7,14400.0,-4.8,19.2
985,10.0,11:18:00,New York,61290,15.71,-0.9,7962.0,-4.8,19.2
986,2.0,20:00:00,New York,55866,12.07,0.3,2400.0,-4.8,19.2
987,7.0,18:50:00,New York,60149,16.76,0.1,11296.0,-4.8,19.2
988,6.0,15:42:00,New York,60291,16.64,-0.3,48.0,-4.8,19.2
989,2.0,07:00:00,New York,63217,17.48,-0.5,60480.0,-4.8,19.2
990,8.0,07:30:00,Louisiana,46443,11.49,-0.3,28170.0,10.5,27.3
991,7.0,13:00:00,Louisiana,46644,7.32,0.5,300.0,10.5,27.3
992,6.0,01:46:00,Louisiana,44961,7.56,0.3,8054.0,10.5,27.3
993,8.0,12:45:00,Louisiana,48305,8.5,-1.2,2775.0,10.5,27.3
994,8.0,12:45:00,Louisiana,48305,8.5,-1.2,2775.0,10.5,27.3
995,8.0,06:00:00,Louisiana,47133,8.65,-0.1,2160.0,10.5,27.3
996,10.0,11:00:00,Louisiana,44961,7.69,0.7,2100.0,10.5,27.3
997,8.0,12:45:00,Louisiana,48305,8.5,-1.2,2775.0,10.5,27.3
998,5.0,00:00:00,Louisiana,44440,8.43,0.6,3180.0,10.5,27.3
999,8.0,12:45:00,Louisiana,48305,8.5,-1.2,2775.0,10.5,27.3
1000,7.0,21:00:00,Louisiana,47133,8.47,0.0,1440.0,10.5,27.3
1001,6.0,09:30:00,Louisiana,48305,8.1,-0.4,430.0,10.5,27.3
1002,1.0,13:36:00,Louisiana,45813,8.08,-0.7,2129.0,10.5,27.3
1003,7.0,15:45:00,Louisiana,44961,7.59,0.5,1755.0,10.5,27.3
1004,5.0,01:15:00,Louisiana,44440,8.43,0.6,,10.5,27.3
1005,8.0,01:10:00,Louisiana,47133,8.65,-0.1,692.0,10.5,27.3
1006,4.0,11:09:00,Louisiana,46644,8.1,-0.1,732.0,10.5,27.3
1007,4.0,08:07:00,Louisiana,45813,8.43,-0.5,7.0,10.5,27.3
1008,6.0,13:30:00,Louisiana,46644,6.88,0.4,510.0,10.5,27.3
1009,10.0,14:50:00,Louisiana,46443,10.57,-0.4,420.0,10.5,27.3
1010,9.0,11:45:00,Louisiana,46443,10.97,-0.3,13215.0,10.5,27.3
1011,6.0,08:30:00,Louisiana,48305,8.1,-0.4,557.0,10.5,27.3
1012,7.0,13:00:00,Louisiana,46644,7.32,0.5,300.0,10.5,27.3
1013,9.0,10:30:00,Louisiana,46443,10.97,-0.3,17812.0,10.5,27.3
1014,9.0,10:24:00,Louisiana,46443,10.97,-0.3,20416.0,10.5,27.3
1015,9.0,10:00:00,Louisiana,47133,8.82,0.0,6240.0,10.5,27.3
1016,6.0,09:30:00,Louisiana,48305,8.1,-0.4,467.0,10.5,27.3
1017,8.0,09:48:00,Louisiana,45813,7.4,0.3,3067.0,10.5,27.3
1018,8.0,09:00:00,Louisiana,45813,7.4,0.3,3060.0,10.5,27.3
1019,5.0,14:05:00,Louisiana,46443,10.1,-0.7,355.0,10.5,27.3
1020,6.0,09:30:00,Louisiana,48305,8.1,-0.4,430.0,10.5,27.3
1021,7.0,13:00:00,Louisiana,46644,7.32,0.5,300.0,10.5,27.3
1022,5.0,17:22:00,Louisiana,44408,9.04,-0.2,227.0,10.5,27.3
1023,4.0,19:45:00,Louisiana,45067,9.77,-0.2,52.0,10.5,27.3
1024,10.0,03:33:00,Louisiana,42054,6.48,1.1,,10.5,27.3
1025,1.0,18:00:00,Louisiana,48305,8.12,1.3,2880.0,10.5,27.3
1026,9.0,13:06:00,Louisiana,47133,8.82,0.0,18804.0,10.5,27.3
1027,8.0,06:53:00,Louisiana,45813,7.4,0.3,1867.0,10.5,27.3
1028,4.0,05:49:00,Louisiana,45813,8.43,-0.5,1690.0,10.5,27.3
1029,4.0,15:05:00,Louisiana,48305,8.78,0.5,295.0,10.5,27.3
1030,3.0,17:50:00,Florida,38090,9.58,-0.3,17.0,15.2,27.2
1031,8.0,22:04:00,Florida,37702,9.56,0.3,240.0,15.2,27.2
1032,8.0,16:00:00,Florida,43329,8.12,-0.1,17520.0,15.2,27.2
1033,9.0,07:00:00,Florida,43329,8.14,0.0,8189.0,15.2,27.2
1034,2.0,13:09:00,Florida,41569,9.65,-1.3,182.0,15.2,27.2
1035,8.0,19:00:00,Florida,41569,10.5,-0.3,5820.0,15.2,27.2
1036,4.0,16:37:00,Florida,39608,9.0,1.1,83.0,15.2,27.2
1037,8.0,08:23:00,Florida,39457,6.51,0.8,230.0,15.2,27.2
1038,3.0,14:30:00,Florida,37529,9.92,-0.7,2009.0,15.2,27.2
1039,10.0,04:00:00,Florida,43329,8.27,-0.2,720.0,15.2,27.2
1040,2.0,13:10:00,Florida,41569,9.65,-1.3,155.0,15.2,27.2
1041,5.0,12:00:00,Florida,41618,7.59,0.2,4320.0,15.2,27.2
1042,5.0,12:00:00,Florida,41618,7.59,0.2,4320.0,15.2,27.2
1043,8.0,15:00:00,Florida,41618,7.49,0.6,480.0,15.2,27.2
1044,4.0,05:30:00,Florida,41618,7.68,0.1,1005.0,15.2,27.2
1045,7.0,13:34:00,Florida,41618,7.42,0.5,221.0,15.2,27.2
1046,1.0,03:45:00,Florida,38314,7.52,1.3,372.0,15.2,27.2
1047,8.0,07:10:00,Florida,43329,8.12,-0.1,13430.0,15.2,27.2
1048,5.0,12:00:00,Florida,41618,7.59,0.2,4320.0,15.2,27.2
1049,2.0,13:09:00,Florida,41569,9.65,-1.3,91.0,15.2,27.2
1050,1.0,23:46:00,Florida,38704,11.07,-0.7,1419.0,15.2,27.2
1051,9.0,08:00:00,Florida,41618,7.6,0.7,3600.0,15.2,27.2
1052,9.0,12:00:00,Florida,43329,8.14,0.0,10080.0,15.2,27.2
1053,8.0,09:29:00,Florida,41569,10.5,-0.3,5071.0,15.2,27.2
1054,6.0,16:17:00,Florida,38090,9.25,-0.2,152.0,15.2,27.2
1055,9.0,03:00:00,Florida,41618,7.6,0.7,6840.0,15.2,27.2
1056,8.0,16:43:00,Florida,41618,7.49,0.6,221.0,15.2,27.2
1057,10.0,07:00:00,Florida,43329,8.27,-0.2,24780.0,15.2,27.2
1058,2.0,13:09:00,Florida,41569,9.65,-1.3,38.0,15.2,27.2
1059,2.0,13:09:00,Florida,41569,9.65,-1.3,61.0,15.2,27.2
1060,9.0,06:00:00,Florida,41618,7.6,0.7,7560.0,15.2,27.2
1061,8.0,23:19:00,Florida,38090,9.23,-0.3,90.0,15.2,27.2
1062,9.0,07:00:00,Florida,41618,7.6,0.7,10380.0,15.2,27.2
1063,6.0,16:52:00,Florida,41569,9.98,-0.5,396.0,15.2,27.2
1064,9.0,02:00:00,Florida,41618,7.6,0.7,2040.0,15.2,27.2
1065,9.0,10:00:00,Florida,41618,7.6,0.7,12060.0,15.2,27.2
1066,10.0,20:00:00,Florida,43329,8.27,-0.2,1080.0,15.2,27.2
1067,9.0,17:00:00,Florida,41618,7.6,0.7,1680.0,15.2,27.2
1068,8.0,08:00:00,Florida,41618,7.49,0.6,13920.0,15.2,27.2
1069,8.0,17:00:00,Florida,43329,8.12,-0.1,14101.0,15.2,27.2
1070,8.0,22:04:00,Florida,41618,7.49,0.6,1099.0,15.2,27.2
1071,9.0,21:00:00,Florida,41618,7.6,0.7,2460.0,15.2,27.2
1072,3.0,11:30:00,Florida,37529,9.92,-0.7,540.0,15.2,27.2
1073,1.0,07:21:00,Florida,37529,9.77,-1.3,52.0,15.2,27.2
1074,12.0,04:49:00,Florida,40364,7.42,0.3,816.0,15.2,27.2
1075,9.0,08:30:00,California,55008,14.05,-0.9,420.0,7.9,23.0
1076,5.0,10:21:00,California,54713,11.97,-0.7,155.0,7.9,23.0
1077,5.0,15:13:00,California,54508,12.43,0.0,437.0,7.9,23.0
1078,10.0,16:32:00,California,56365,17.12,2.0,247.0,7.9,23.0
1079,2.0,13:00:00,California,54606,13.24,-0.5,540.0,7.9,23.0
1080,4.0,16:00:00,California,53487,12.7,-0.2,1135.0,7.9,23.0
1081,1.0,05:00:00,California,54713,10.71,-1.4,437.0,7.9,23.0
1082,7.0,14:33:00,California,54508,15.45,0.1,180.0,7.9,23.0
1083,7.0,14:39:00,California,53092,14.15,0.0,171.0,7.9,23.0
1084,8.0,19:06:00,California,53487,16.63,-0.3,656.0,7.9,23.0
1085,9.0,12:32:00,California,53092,13.32,0.0,84.0,7.9,23.0
1086,8.0,12:38:00,California,53092,13.03,-0.1,202.0,7.9,23.0
1087,6.0,21:20:00,California,53487,16.58,-0.2,255.0,7.9,23.0
1088,7.0,19:36:00,California,54713,13.97,-0.4,1054.0,7.9,23.0
1089,2.0,11:20:00,California,56365,13.98,0.5,1.0,7.9,23.0
1090,2.0,16:01:00,California,53487,12.48,-0.4,1254.0,7.9,23.0
1091,3.0,09:44:00,California,51936,11.32,-0.7,1456.0,7.9,23.0
1092,9.0,15:15:00,California,51733,15.25,-1.4,177.0,7.9,23.0
1093,7.0,00:05:00,California,53487,16.35,-0.3,106.0,7.9,23.0
1094,9.0,13:12:00,California,56365,18.22,1.7,32.0,7.9,23.0
1095,11.0,16:56:00,California,51936,12.13,-1.0,2464.0,7.9,23.0
1096,7.0,02:00:00,California,56365,18.39,1.2,55.0,7.9,23.0
1097,9.0,10:20:00,California,51733,15.25,-1.4,144.0,7.9,23.0
1098,7.0,20:20:00,California,51936,15.19,-0.3,70.0,7.9,23.0
1099,8.0,13:53:00,California,55008,14.32,-0.6,64.0,7.9,23.0
1100,2.0,13:00:00,California,51936,11.85,-1.0,8873.0,7.9,23.0
1101,11.0,06:15:00,California,51775,10.98,1.1,945.0,7.9,23.0
1102,6.0,00:00:00,California,56365,16.91,1.0,,7.9,23.0
1103,1.0,07:47:00,California,54713,10.71,-1.4,523.0,7.9,23.0
1104,3.0,23:59:00,California,51733,11.67,0.9,56.0,7.9,23.0
1105,9.0,14:02:00,California,54713,13.79,-0.3,3.0,7.9,23.0
1106,12.0,00:01:00,California,54508,11.55,0.9,8472.0,7.9,23.0
1107,5.0,11:15:00,California,55008,12.19,-0.2,155.0,7.9,23.0
1108,3.0,18:22:00,California,51424,11.0,0.2,33.0,7.9,23.0
1109,2.0,03:58:00,California,54713,11.08,-1.3,749.0,7.9,23.0
1110,12.0,19:35:00,California,54508,11.55,0.9,159.0,7.9,23.0
1111,7.0,16:00:00,California,54713,13.97,-0.4,,7.9,23.0
1112,2.0,15:06:00,California,54713,11.08,-1.3,270.0,7.9,23.0
1113,10.0,22:30:00,California,51424,12.24,0.7,2790.0,7.9,23.0
1114,6.0,15:09:00,California,54713,14.32,-0.5,224.0,7.9,23.0
1115,1.0,14:30:00,California,51733,11.27,1.3,1470.0,7.9,23.0
1116,10.0,15:05:00,California,54508,12.94,0.7,334.0,7.9,23.0
1117,6.0,10:50:00,California,56365,16.91,1.0,2050.0,7.9,23.0
1118,2.0,13:05:00,California,54606,13.24,-0.5,370.0,7.9,23.0
1119,6.0,18:58:00,California,56365,16.91,1.0,26.0,7.9,23.0
1120,6.0,19:19:00,California,56365,16.91,1.0,797.0,7.9,23.0
1121,4.0,15:34:00,California,56365,13.88,0.7,12.0,7.9,23.0
1122,4.0,00:49:00,California,53487,12.7,-0.2,195.0,7.9,23.0
1123,11.0,14:04:00,California,53487,13.57,-0.3,1.0,7.9,23.0
1124,3.0,06:39:00,California,53487,12.4,-0.3,230.0,7.9,23.0
1125,10.0,15:45:00,California,51775,13.49,0.9,125.0,7.9,23.0
1126,10.0,05:18:00,California,53487,14.62,-0.3,15.0,7.9,23.0
1127,3.0,09:17:00,California,47786,10.71,-0.4,316.0,7.9,23.0
1128,5.0,15:30:00,California,54508,12.43,0.0,365.0,7.9,23.0
1129,8.0,16:00:00,California,55008,14.32,-0.6,1560.0,7.9,23.0
1130,1.0,13:00:00,California,53092,10.71,0.7,4740.0,7.9,23.0
1131,1.0,07:30:00,California,51733,11.27,1.3,294.0,7.9,23.0
1132,11.0,19:45:00,California,53487,13.57,-0.3,455.0,7.9,23.0
1133,4.0,15:32:00,California,52660,11.93,-0.4,2878.0,7.9,23.0
1134,8.0,03:41:00,California,48417,15.08,0.8,336.0,7.9,23.0
1135,3.0,04:26:00,California,56365,13.91,0.6,295.0,7.9,23.0
1136,7.0,07:00:00,California,53487,16.35,-0.3,480.0,7.9,23.0
1137,4.0,11:08:00,California,58974,13.76,1.1,25.0,7.9,23.0
1138,5.0,12:52:00,California,53487,13.82,-0.2,,7.9,23.0
1139,2.0,12:44:00,California,58974,13.81,2.0,223.0,7.9,23.0
1140,2.0,18:25:00,California,54508,11.47,-0.6,2645.0,7.9,23.0
1141,12.0,03:29:00,California,51936,11.16,-0.9,2016.0,7.9,23.0
1142,7.0,13:09:00,California,54508,15.45,0.1,7371.0,7.9,23.0
1143,7.0,08:30:00,California,56365,18.39,1.2,360.0,7.9,23.0
1144,2.0,01:25:00,California,51936,11.85,-1.0,3408.0,7.9,23.0
1145,4.0,01:47:00,California,53487,12.7,-0.2,3698.0,7.9,23.0
1146,2.0,08:00:00,California,51936,11.85,-1.0,4890.0,7.9,23.0
1147,12.0,17:55:00,California,56365,13.77,2.3,1.0,7.9,23.0
1148,5.0,08:15:00,California,51733,12.65,0.0,871.0,7.9,23.0
1149,2.0,00:01:00,California,51424,11.54,0.3,2759.0,7.9,23.0
1150,8.0,15:50:00,California,53092,13.03,-0.1,250.0,7.9,23.0
1151,7.0,10:59:00,California,55008,14.85,-0.4,3301.0,7.9,23.0
1152,8.0,15:51:00,California,53092,13.03,-0.1,249.0,7.9,23.0
1153,6.0,18:02:00,California,53487,16.58,-0.2,164.0,7.9,23.0
1154,8.0,12:45:00,California,55008,14.32,-0.6,435.0,7.9,23.0
1155,6.0,14:00:00,California,56365,16.91,1.0,420.0,7.9,23.0
1156,4.0,09:09:00,California,55008,11.52,-0.1,854.0,7.9,23.0
1157,11.0,22:00:00,California,48417,13.15,1.2,5160.0,7.9,23.0
1158,3.0,07:02:00,California,51936,11.32,-0.7,133.0,7.9,23.0
1159,1.0,04:00:00,California,54713,10.71,-1.4,15180.0,7.9,23.0
1160,1.0,01:45:00,California,47786,9.28,-0.7,2055.0,7.9,23.0
1161,2.0,20:30:00,California,51733,11.23,1.2,451.0,7.9,23.0
1162,5.0,15:10:00,California,47786,9.88,-0.2,140.0,7.9,23.0
1163,10.0,22:26:00,California,51733,13.49,-1.5,199.0,7.9,23.0
1164,12.0,11:15:00,California,49815,11.38,0.3,721.0,7.9,23.0
1165,7.0,14:22:00,California,54713,13.97,-0.4,179.0,7.9,23.0
1166,12.0,07:36:00,California,51733,11.47,-1.4,1524.0,7.9,23.0
1167,7.0,09:34:00,California,53487,16.35,-0.3,78.0,7.9,23.0
1168,12.0,21:32:00,California,51733,11.47,-1.4,268.0,7.9,23.0
1169,3.0,23:59:00,California,51733,11.67,0.9,39.0,7.9,23.0
1170,2.0,11:55:00,California,56365,13.98,0.5,1.0,7.9,23.0
1171,1.0,11:30:00,California,51733,11.27,1.3,14190.0,7.9,23.0
1172,2.0,10:48:00,California,48417,11.74,0.0,47.0,7.9,23.0
1173,10.0,15:27:00,California,51424,12.24,0.7,161.0,7.9,23.0
1174,12.0,07:50:00,California,51424,9.12,0.7,900.0,7.9,23.0
1175,1.0,13:00:00,California,51733,11.27,1.3,6070.0,7.9,23.0
1176,4.0,06:11:00,California,52660,11.93,-0.4,697.0,7.9,23.0
1177,12.0,11:40:00,California,54713,11.11,-0.7,234.0,7.9,23.0
1178,10.0,10:36:00,California,52660,13.52,0.3,14.0,7.9,23.0
1179,12.0,21:00:00,California,49815,11.38,0.3,5910.0,7.9,23.0
1180,5.0,15:34:00,California,54606,14.65,-0.1,,7.9,23.0
1181,10.0,01:44:00,California,49815,11.64,0.3,34390.0,7.9,23.0
1182,10.0,18:30:00,California,51775,13.49,0.9,40.0,7.9,23.0
1183,7.0,19:59:00,California,56365,18.39,1.2,166.0,7.9,23.0
1184,5.0,13:48:00,California,55008,12.19,-0.2,182.0,7.9,23.0
1185,2.0,06:00:00,California,54713,11.08,-1.3,829.0,7.9,23.0
1186,12.0,03:53:00,California,56365,13.77,2.3,15.0,7.9,23.0
1187,8.0,12:46:00,California,51424,12.86,0.6,64.0,7.9,23.0
1188,11.0,18:47:00,California,53092,10.98,-0.5,13.0,7.9,23.0
1189,6.0,07:30:00,California,52660,15.19,-0.1,245.0,7.9,23.0
1190,12.0,22:00:00,California,51775,11.31,1.3,1080.0,7.9,23.0
1191,3.0,11:50:00,California,47786,10.71,-0.4,,7.9,23.0
1192,10.0,16:00:00,California,51775,13.49,0.9,390.0,7.9,23.0
1193,7.0,18:39:00,California,51733,15.27,-0.9,47.0,7.9,23.0
1194,7.0,07:31:00,California,54713,13.97,-0.4,269.0,7.9,23.0
1195,2.0,20:58:00,California,56365,13.98,0.5,,7.9,23.0
1196,6.0,13:38:00,California,51775,14.85,0.4,400.0,7.9,23.0
1197,8.0,12:00:00,California,51733,14.99,-1.2,660.0,7.9,23.0
1198,3.0,13:27:00,California,51936,11.32,-0.7,213.0,7.9,23.0
1199,4.0,00:00:00,California,51775,12.02,-0.1,,7.9,23.0
1200,11.0,11:13:00,California,54713,12.42,-0.6,761.0,7.9,23.0
1201,12.0,06:00:00,California,53092,10.79,-0.7,8100.0,7.9,23.0
1202,7.0,14:33:00,California,54508,15.45,0.1,180.0,7.9,23.0
1203,4.0,17:54:00,California,51775,12.02,-0.1,124.0,7.9,23.0
1204,7.0,04:00:00,California,52660,14.8,0.1,4320.0,7.9,23.0
1205,12.0,06:00:00,California,48417,12.35,1.1,2820.0,7.9,23.0
1206,12.0,05:20:00,California,52660,11.81,-0.2,3100.0,7.9,23.0
1207,3.0,11:00:00,California,58974,13.83,1.6,49427.0,7.9,23.0
1208,10.0,07:00:00,California,56365,17.12,2.0,989.0,7.9,23.0
1209,7.0,13:54:00,California,49815,15.19,0.1,125.0,7.9,23.0
1210,7.0,03:52:00,California,56365,18.39,1.2,44.0,7.9,23.0
1211,8.0,03:55:00,California,52660,15.52,0.3,26.0,7.9,23.0
1212,7.0,13:55:00,California,53092,14.15,0.0,245.0,7.9,23.0
1213,6.0,13:13:00,California,48635,10.87,-0.7,,7.9,23.0
1214,3.0,15:21:00,California,56365,13.91,0.6,98.0,7.9,23.0
1215,5.0,08:39:00,California,54606,14.65,-0.1,1.0,7.9,23.0
1216,6.0,14:15:00,California,51936,14.73,-0.3,0.0,7.9,23.0
1217,11.0,15:53:00,California,51733,12.15,-1.4,135.0,7.9,23.0
1218,6.0,04:45:00,California,51733,14.68,-0.4,50.0,7.9,23.0
1219,9.0,06:12:00,California,51733,15.25,-1.4,1008.0,7.9,23.0
1220,6.0,20:02:00,California,51936,14.73,-0.3,53.0,7.9,23.0
1221,3.0,11:46:00,California,47786,10.71,-0.4,554.0,7.9,23.0
1222,2.0,15:00:00,California,51936,11.85,-1.0,1260.0,7.9,23.0
1223,10.0,05:45:00,California,51733,13.49,-1.5,2895.0,7.9,23.0
1224,8.0,10:31:00,California,51775,15.51,0.5,89.0,7.9,23.0
1225,6.0,13:52:00,California,56365,16.91,1.0,98.0,7.9,23.0
1226,9.0,22:03:00,California,54713,13.79,-0.3,865.0,7.9,23.0
1227,6.0,01:17:00,California,51936,14.73,-0.3,128.0,7.9,23.0
1228,5.0,09:57:00,California,55008,12.19,-0.2,230.0,7.9,23.0
1229,7.0,19:16:00,California,54713,13.97,-0.4,252.0,7.9,23.0
1230,3.0,12:35:00,California,51936,11.32,-0.7,130.0,7.9,23.0
1231,12.0,07:20:00,California,51733,11.47,-1.4,5.0,7.9,23.0
1232,7.0,18:26:00,California,56365,18.39,1.2,157.0,7.9,23.0
1233,3.0,23:56:00,California,51936,11.32,-0.7,6914.0,7.9,23.0
1234,10.0,17:16:00,California,51733,13.49,-1.5,11.0,7.9,23.0
1235,12.0,21:18:00,California,52660,11.81,-0.2,13.0,7.9,23.0
1236,6.0,05:30:00,California,52660,15.19,-0.1,2880.0,7.9,23.0
1237,5.0,14:30:00,California,51424,10.97,0.2,270.0,7.9,23.0
1238,10.0,06:44:00,California,55008,13.49,-1.1,962.0,7.9,23.0
1239,7.0,18:39:00,California,51733,15.27,-0.9,47.0,7.9,23.0
1240,2.0,00:01:00,California,58974,13.81,2.0,,7.9,23.0
1241,10.0,17:30:00,California,52660,13.52,0.3,20.0,7.9,23.0
1242,5.0,15:12:00,California,47786,9.88,-0.2,108.0,7.9,23.0
1243,12.0,00:45:00,California,51936,11.16,-0.9,9855.0,7.9,23.0
1244,5.0,16:45:00,California,47786,9.88,-0.2,75.0,7.9,23.0
1245,10.0,14:05:00,California,55008,13.49,-1.1,17.0,7.9,23.0
1246,10.0,14:01:00,California,55008,13.49,-1.1,21.0,7.9,23.0
1247,1.0,07:30:00,California,51424,10.84,0.3,1950.0,7.9,23.0
1248,12.0,15:30:00,California,54713,11.11,-0.7,11867.0,7.9,23.0
1249,3.0,11:50:00,California,47786,10.71,-0.4,141.0,7.9,23.0
1250,10.0,06:44:00,California,55008,13.49,-1.1,959.0,7.9,23.0
1251,12.0,01:02:00,California,54713,11.11,-0.7,1035.0,7.9,23.0
1252,5.0,10:43:00,California,54606,14.65,-0.1,617.0,7.9,23.0
1253,4.0,00:32:00,California,55008,11.52,-0.1,1230.0,7.9,23.0
1254,2.0,14:25:00,California,51424,11.54,0.3,572.0,7.9,23.0
1255,2.0,14:15:00,California,54606,13.24,-0.5,324.0,7.9,23.0
1256,1.0,08:15:00,California,47786,9.28,-0.7,1835.0,7.9,23.0
1257,12.0,11:00:00,California,48417,12.35,1.1,6780.0,7.9,23.0
1258,6.0,23:00:00,California,51775,14.85,0.4,900.0,7.9,23.0
1259,5.0,10:43:00,California,54606,14.65,-0.1,,7.9,23.0
1260,10.0,14:06:00,California,55008,13.49,-1.1,37.0,7.9,23.0
1261,12.0,06:01:00,California,56365,13.77,2.3,72.0,7.9,23.0
1262,5.0,08:32:00,California,56365,14.87,0.8,1.0,7.9,23.0
1263,11.0,14:01:00,California,51733,12.15,-1.4,251.0,7.9,23.0
1264,7.0,23:45:00,California,53487,16.35,-0.3,620.0,7.9,23.0
1265,3.0,22:16:00,California,51775,11.84,-0.4,89.0,7.9,23.0
1266,7.0,05:34:00,California,51775,15.67,0.5,909.0,7.9,23.0
1267,4.0,08:12:00,California,56365,13.88,0.7,236.0,7.9,23.0
1268,12.0,06:34:00,California,51775,11.31,1.3,326.0,7.9,23.0
1269,9.0,12:30:00,California,55008,14.05,-0.9,300.0,7.9,23.0
1270,11.0,09:39:00,California,54713,12.42,-0.6,751.0,7.9,23.0
1271,6.0,23:36:00,California,51733,14.68,-0.4,122.0,7.9,23.0
1272,2.0,11:59:00,California,54713,11.08,-1.3,214.0,7.9,23.0
1273,2.0,02:59:00,California,52660,11.99,-0.5,193.0,7.9,23.0
1274,4.0,15:51:00,California,53092,11.06,0.5,8.0,7.9,23.0
1275,11.0,01:39:00,California,51733,12.15,-1.4,5227.0,7.9,23.0
1276,9.0,04:45:00,California,52660,15.86,0.3,,7.9,23.0
1277,7.0,14:26:00,California,51424,13.35,0.5,1414.0,7.9,23.0
1278,10.0,14:32:00,California,53487,14.62,-0.3,448.0,7.9,23.0
1279,7.0,12:15:00,California,54713,13.97,-0.4,4605.0,7.9,23.0
1280,2.0,00:45:00,California,55008,11.43,0.4,4080.0,7.9,23.0
1281,6.0,13:00:00,California,55008,14.21,-0.3,,7.9,23.0
1282,12.0,15:51:00,California,49815,11.38,0.3,1914.0,7.9,23.0
1283,11.0,11:15:00,California,54713,12.42,-0.6,759.0,7.9,23.0
1284,4.0,13:00:00,California,54606,13.37,-0.2,1.0,7.9,23.0
1285,1.0,13:46:00,Arkansas,34554,7.76,-0.7,10274.0,5.3,26.0
1286,2.0,16:51:00,Arkansas,35867,7.04,-1.0,3.0,5.3,26.0
1287,1.0,21:00:00,Arkansas,34554,7.76,-0.7,2700.0,5.3,26.0
1288,3.0,13:45:00,Arkansas,35753,7.57,-0.4,105.0,5.3,26.0
1289,10.0,14:30:00,Arkansas,36571,7.9,-0.3,240.0,5.3,26.0
1290,9.0,21:30:00,Arkansas,35753,7.9,0.3,210.0,5.3,26.0
1291,8.0,14:00:00,Arkansas,36571,8.21,-0.3,1.0,5.3,26.0
1292,4.0,23:13:00,Arkansas,35867,7.34,-0.5,1201.0,5.3,26.0
1293,5.0,01:00:00,Arkansas,36571,8.12,-0.2,30.0,5.3,26.0
1294,4.0,18:14:00,Arkansas,35867,7.34,-0.5,2806.0,5.3,26.0
1295,7.0,15:29:00,Arkansas,37644,8.6,1.2,1226.0,5.3,26.0
1296,6.0,16:00:00,Arkansas,35753,7.83,-0.1,300.0,5.3,26.0
1297,6.0,15:34:00,Arkansas,35344,7.78,-0.4,206.0,5.3,26.0
1298,8.0,16:30:00,Arkansas,35867,7.8,-0.6,270.0,5.3,26.0
1299,6.0,15:00:00,Arkansas,35867,7.79,-0.3,2880.0,5.3,26.0
1300,2.0,03:00:00,Arkansas,35753,7.53,-0.5,513.0,5.3,26.0
1301,12.0,18:30:00,Arkansas,32647,5.29,1.1,8160.0,5.3,26.0
1302,6.0,16:45:00,Arkansas,35867,7.79,-0.3,3314.0,5.3,26.0
1303,7.0,11:00:00,Arkansas,36161,7.13,0.1,414.0,5.3,26.0
1304,8.0,14:15:00,Arkansas,35610,6.39,-0.1,126.0,5.3,26.0
1305,9.0,00:00:00,Arkansas,36571,8.15,-0.2,60.0,5.3,26.0
1306,4.0,03:30:00,Arkansas,37252,7.98,-0.2,285.0,5.3,26.0
1307,10.0,07:25:00,Arkansas,36571,7.9,-0.3,110.0,5.3,26.0
1308,7.0,11:27:00,Arkansas,35753,7.87,0.1,62.0,5.3,26.0
1309,11.0,17:37:00,Arkansas,37644,8.2,2.2,2363.0,5.3,26.0
1310,6.0,16:15:00,Virginia,52068,6.76,-0.5,424.0,2.7,22.9
1311,7.0,18:00:00,Virginia,52093,8.21,-0.3,180.0,2.7,22.9
1312,8.0,13:51:00,Virginia,52093,8.29,-0.6,0.0,2.7,22.9
1313,12.0,06:54:00,Virginia,51347,7.86,-0.3,448.0,2.7,22.9
1314,5.0,00:00:00,Virginia,51347,7.94,-0.2,2.0,2.7,22.9
1315,7.0,13:30:00,Virginia,50258,5.92,0.5,624.0,2.7,22.9
1316,7.0,19:40:00,Virginia,51480,8.19,1.2,2435.0,2.7,22.9
1317,11.0,13:40:00,Virginia,49095,5.66,0.3,131.0,2.7,22.9
1318,,,Virginia,47456,,,,2.7,22.9
1319,12.0,19:29:00,Virginia,52093,8.18,-0.9,208.0,2.7,22.9
1320,1.0,03:05:00,Virginia,51347,7.82,-0.4,103.0,2.7,22.9
1321,1.0,19:43:00,Virginia,52093,7.51,-1.3,1355.0,2.7,22.9
1322,10.0,18:12:00,Virginia,51942,7.85,0.3,1523.0,2.7,22.9
1323,6.0,19:00:00,Virginia,52093,7.98,-0.3,90.0,2.7,22.9
1324,5.0,16:35:00,Virginia,52093,7.75,-0.4,1205.0,2.7,22.9
1325,7.0,15:50:00,Virginia,52561,6.45,-0.4,385.0,2.7,22.9
1326,7.0,17:43:00,Virginia,52279,7.69,-0.9,144.0,2.7,22.9
1327,7.0,16:11:00,Virginia,52279,7.69,-0.9,235.0,2.7,22.9
1328,8.0,15:11:00,Virginia,48211,6.04,-0.1,241.0,2.7,22.9
1329,6.0,22:29:00,Virginia,51942,8.29,-0.1,6787.0,2.7,22.9
1330,3.0,22:00:00,Virginia,51707,8.25,-0.4,1337.0,2.7,22.9
1331,9.0,15:53:00,Virginia,51942,7.93,0.3,1673.0,2.7,22.9
1332,8.0,15:54:00,Virginia,52279,7.67,-1.2,3366.0,2.7,22.9
1333,3.0,22:00:00,Virginia,51707,8.25,-0.4,2640.0,2.7,22.9
1334,6.0,15:04:00,Virginia,52068,6.76,-0.5,1826.0,2.7,22.9
1335,2.0,14:06:00,Virginia,52068,6.48,-1.3,570.0,2.7,22.9
1336,3.0,08:22:00,Virginia,51347,7.84,-0.3,1565.0,2.7,22.9
1337,12.0,13:09:00,Virginia,47854,5.7,1.1,2691.0,2.7,22.9
1338,7.0,18:39:00,Virginia,52765,6.24,0.1,1072.0,2.7,22.9
1339,7.0,17:14:00,Virginia,49095,5.82,0.1,115.0,2.7,22.9
1340,8.0,23:34:00,Virginia,52561,6.63,-0.6,816.0,2.7,22.9
1341,7.0,17:30:00,Virginia,52765,6.24,0.1,168.0,2.7,22.9
1342,9.0,17:00:00,Virginia,52279,7.47,-1.4,30.0,2.7,22.9
1343,2.0,15:20:00,Virginia,52093,7.59,-1.0,160.0,2.7,22.9
1344,2.0,05:55:00,Virginia,52765,6.08,-0.6,485.0,2.7,22.9
1345,6.0,16:08:00,Virginia,51347,8.06,-0.2,1508.0,2.7,22.9
1346,6.0,16:04:00,Virginia,51942,8.29,-0.1,1301.0,2.7,22.9
1347,8.0,08:21:00,Nebraska,49178,8.12,-1.2,159.0,-3.5,22.1
1348,6.0,16:30:00,Nebraska,48159,7.33,-0.5,60.0,-3.5,22.1
1349,6.0,17:37:00,Nebraska,45937,6.32,0.3,4.0,-3.5,22.1
1350,12.0,22:25:00,Nebraska,47666,5.91,0.9,9600.0,-3.5,22.1
1351,10.0,12:48:00,Wyoming,66472,7.66,0.9,106.0,-6.0,17.5
1352,11.0,10:46:00,Wyoming,64163,7.75,-1.0,0.0,-6.0,17.5
1353,5.0,13:35:00,Wyoming,64163,7.75,-0.4,0.0,-6.0,17.5
1354,8.0,09:30:00,Wyoming,59961,8.6,-0.3,1.0,-6.0,17.5
1355,6.0,15:51:00,Wyoming,59961,8.75,-0.2,32.0,-6.0,17.5
1356,11.0,09:46:00,Wyoming,64625,7.42,-1.4,61.0,-6.0,17.5
1357,6.0,16:55:00,New Mexico,40226,9.79,-0.1,314.0,2.3,21.9
1358,2.0,11:00:00,New Mexico,39808,9.35,-0.4,30.0,2.3,21.9
1359,3.0,19:08:00,New Mexico,37950,7.03,-1.1,0.0,2.3,21.9
1360,8.0,16:00:00,New Mexico,39808,10.81,-0.3,92.0,2.3,21.9
1361,2.0,08:30:00,New Mexico,39808,9.35,-0.4,390.0,2.3,21.9
1362,1.0,16:45:00,New Mexico,39808,9.04,-0.4,161.0,2.3,21.9
1363,2.0,21:15:00,New Mexico,39808,9.35,-0.4,60.0,2.3,21.9
1364,11.0,09:14:00,New Mexico,39808,9.3,-0.3,76.0,2.3,21.9
1365,6.0,13:00:00,Vermont,42771,14.84,-0.2,1.0,-7.0,18.4
1366,10.0,14:15:00,Vermont,42978,14.62,0.3,1.0,-7.0,18.4
1367,11.0,09:30:00,Vermont,42978,13.75,0.1,160.0,-7.0,18.4
1368,3.0,11:10:00,Vermont,42978,14.26,-0.4,20.0,-7.0,18.4
1369,2.0,14:15:00,Vermont,43435,14.46,-0.5,1.0,-7.0,18.4
1370,7.0,09:51:00,Vermont,42962,13.9,-0.3,1.0,-7.0,18.4
1371,5.0,12:50:00,Vermont,42978,14.63,-0.3,70.0,-7.0,18.4
1372,6.0,08:10:00,Vermont,42962,13.96,-0.3,50.0,-7.0,18.4
1373,4.0,11:10:00,Vermont,42978,14.73,-0.4,15.0,-7.0,18.4
1374,2.0,00:00:00,Georgia,45434,6.81,0.3,810.0,8.8,25.9
1375,1.0,16:00:00,Georgia,46361,7.2,0.7,1380.0,8.8,25.9
1376,1.0,14:00:00,Georgia,45434,6.56,0.3,1800.0,8.8,25.9
1377,9.0,10:00:00,Georgia,45434,6.91,0.7,1560.0,8.8,25.9
1378,5.0,18:30:00,Georgia,41592,10.0,-0.4,2054.0,8.8,25.9
1379,6.0,15:30:00,Georgia,41592,10.35,-0.3,1452.0,8.8,25.9
1380,12.0,05:05:00,Georgia,46361,8.69,-0.7,1865.0,8.8,25.9
1381,2.0,21:41:00,Georgia,43301,10.21,0.5,1999.0,8.8,25.9
1382,11.0,15:00:00,Georgia,45926,7.55,0.9,120.0,8.8,25.9
1383,5.0,06:00:00,Georgia,44138,8.67,-0.7,1950.0,8.8,25.9
1384,11.0,10:00:00,Georgia,45434,6.83,0.6,360.0,8.8,25.9
1385,2.0,02:53:00,Georgia,42694,10.54,-0.5,1087.0,8.8,25.9
1386,6.0,22:00:00,Georgia,41860,9.23,0.4,1200.0,8.8,25.9
1387,2.0,07:48:00,Georgia,42694,10.54,-0.5,4122.0,8.8,25.9
1388,9.0,08:00:00,Georgia,45434,6.91,0.7,360.0,8.8,25.9
1389,6.0,19:15:00,Georgia,41592,10.35,-0.3,645.0,8.8,25.9
1390,4.0,19:38:00,Georgia,41740,9.38,-0.4,108.0,8.8,25.9
1391,5.0,14:00:00,Connecticut,63092,15.65,-0.4,0.0,-1.9,20.7
1392,11.0,09:04:00,Connecticut,62847,14.73,-0.3,1.0,-1.9,20.7
1393,8.0,07:40:00,Connecticut,63092,15.43,-0.6,1440.0,-1.9,20.7
1394,6.0,17:00:00,Connecticut,63472,16.85,0.4,4560.0,-1.9,20.7
1395,4.0,08:40:00,Connecticut,62847,14.58,-0.2,1.0,-1.9,20.7
1396,7.0,08:00:00,Connecticut,63092,15.49,-0.3,1.0,-1.9,20.7
1397,5.0,14:02:00,Connecticut,66880,17.54,-0.7,110.0,-1.9,20.7
1398,1.0,06:30:00,Connecticut,62847,14.55,-0.4,210.0,-1.9,20.7
1399,3.0,07:00:00,Connecticut,62847,14.9,-0.3,120.0,-1.9,20.7
1400,9.0,09:04:00,Connecticut,63092,15.3,-0.8,0.0,-1.9,20.7
1401,5.0,18:00:00,Connecticut,69762,15.87,-0.2,4260.0,-1.9,20.7
1402,7.0,18:44:00,Connecticut,63758,16.55,-0.9,76.0,-1.9,20.7
1403,9.0,09:30:00,Connecticut,63092,15.3,-0.8,210.0,-1.9,20.7
1404,3.0,12:00:00,Connecticut,63758,16.54,0.9,3305.0,-1.9,20.7
1405,11.0,06:00:00,Connecticut,60174,9.29,1.2,5880.0,-1.9,20.7
1406,7.0,20:07:00,Connecticut,67400,14.1,0.1,145.0,-1.9,20.7
1407,1.0,14:30:00,Connecticut,63178,15.0,-0.7,60.0,-1.9,20.7
1408,10.0,23:00:00,Connecticut,66880,17.58,-0.4,2640.0,-1.9,20.7
1409,12.0,23:38:00,Oklahoma,43788,6.85,2.3,1042.0,3.9,26.4
1410,1.0,10:35:00,Oklahoma,41769,7.18,-0.7,110.0,3.9,26.4
1411,1.0,06:00:00,Oklahoma,35305,4.7,-0.2,11880.0,3.9,26.4
1412,5.0,20:35:00,Oklahoma,41769,7.15,-0.3,2245.0,3.9,26.4
1413,8.0,19:36:00,Oklahoma,40303,8.39,-0.6,984.0,3.9,26.4
1414,1.0,12:00:00,Oklahoma,38658,6.85,1.3,7200.0,3.9,26.4
1415,8.0,10:15:00,Oklahoma,40303,8.39,-0.6,1381.0,3.9,26.4
1416,2.0,14:32:00,Oklahoma,38658,6.79,1.2,148.0,3.9,26.4
1417,12.0,03:08:00,Oklahoma,39289,6.97,-1.3,13972.0,3.9,26.4
1418,12.0,17:00:00,Oklahoma,43788,6.85,2.3,,3.9,26.4
1419,7.0,14:44:00,Oklahoma,44418,,-0.3,796.0,3.9,26.4
1420,8.0,13:00:00,Oklahoma,39155,8.18,0.3,300.0,3.9,26.4
1421,11.0,06:00:00,Oklahoma,43788,7.09,2.2,,3.9,26.4
1422,8.0,20:58:00,Oklahoma,40303,8.39,-0.6,2612.0,3.9,26.4
1423,5.0,15:00:00,Oklahoma,42475,7.73,-0.2,3000.0,3.9,26.4
1424,8.0,16:29:00,Oklahoma,40303,8.39,-0.6,431.0,3.9,26.4
1425,5.0,18:00:00,Oklahoma,42475,7.73,-0.2,5310.0,3.9,26.4
1426,7.0,23:38:00,Oklahoma,42475,8.42,-0.3,1732.0,3.9,26.4
1427,7.0,12:01:00,Oklahoma,40303,8.2,-0.3,0.0,3.9,26.4
1428,6.0,02:35:00,Oklahoma,36689,7.71,0.3,6685.0,3.9,26.4
1429,11.0,06:00:00,Oklahoma,43788,7.09,2.2,3300.0,3.9,26.4
1430,12.0,17:00:00,Oklahoma,43788,6.85,2.3,280.0,3.9,26.4
1431,1.0,10:28:00,Oklahoma,41769,7.18,-0.7,117.0,3.9,26.4
1432,5.0,16:45:00,Oklahoma,40303,7.16,-0.4,2895.0,3.9,26.4
1433,1.0,06:00:00,Massachusetts,61230,14.21,-1.3,480.0,-2.6,20.0
1434,6.0,18:57:00,Massachusetts,62205,14.27,-0.1,31.0,-2.6,20.0
1435,8.0,12:10:00,Massachusetts,61230,15.06,-0.6,1.0,-2.6,20.0
1436,1.0,14:00:00,Massachusetts,61230,14.21,-1.3,0.0,-2.6,20.0
1437,4.0,09:00:00,Massachusetts,62205,13.28,-0.4,0.0,-2.6,20.0
1438,3.0,09:17:00,Massachusetts,54941,11.08,-0.4,103.0,-2.6,20.0
1439,2.0,20:55:00,Massachusetts,61352,14.86,-0.4,4745.0,-2.6,20.0
1440,4.0,15:02:00,Massachusetts,62205,13.28,-0.4,307.0,-2.6,20.0
1441,10.0,14:40:00,Massachusetts,62205,13.05,0.3,1656.0,-2.6,20.0
1442,10.0,14:45:00,Massachusetts,62205,13.05,0.3,3525.0,-2.6,20.0
1443,8.0,15:31:00,Massachusetts,57594,11.88,0.6,374.0,-2.6,20.0
1444,3.0,21:12:00,Massachusetts,65168,15.56,1.6,1068.0,-2.6,20.0
1445,5.0,15:20:00,Massachusetts,62205,13.68,-0.3,1569.0,-2.6,20.0
1446,3.0,10:25:00,Massachusetts,61352,14.81,-0.3,114.0,-2.6,20.0
1447,12.0,18:16:00,Massachusetts,56337,10.46,0.3,115.0,-2.6,20.0
1448,7.0,14:30:00,Massachusetts,61352,14.19,-0.3,15.0,-2.6,20.0
1449,2.0,17:39:00,Massachusetts,61352,14.86,-0.4,2891.0,-2.6,20.0
1450,11.0,05:38:00,Massachusetts,62205,13.32,0.1,1.0,-2.6,20.0
1451,12.0,18:04:00,Maine,38822,13.49,-1.3,1676.0,-8.4,17.6
1452,7.0,13:30:00,Maine,37798,12.07,-0.3,0.0,-8.4,17.6
1453,8.0,00:01:00,Maine,37798,12.49,-0.6,0.0,-8.4,17.6
1454,4.0,10:14:00,Maine,38822,12.3,-0.1,3604.0,-8.4,17.6
1455,7.0,11:45:00,Maine,37798,12.07,-0.3,195.0,-8.4,17.6
1456,12.0,08:30:00,Maine,37958,12.54,2.3,1.0,-8.4,17.6
1457,7.0,12:00:00,Maine,37798,12.07,-0.3,0.0,-8.4,17.6
1458,2.0,02:38:00,Maine,37773,14.71,-0.6,2108.0,-8.4,17.6
1459,1.0,15:16:00,Maine,39197,12.91,-0.7,198.0,-8.4,17.6
1460,12.0,08:45:00,Maine,38453,13.58,-0.7,3667.0,-8.4,17.6
1461,2.0,18:43:00,Maine,38453,12.78,-1.3,1037.0,-8.4,17.6
1462,11.0,06:47:00,Maine,38256,12.7,-1.4,673.0,-8.4,17.6
1463,3.0,21:06:00,Maine,36202,9.86,-1.1,,-8.4,17.6
1464,12.0,15:20:00,Maine,37447,12.98,-0.3,2652.0,-8.4,17.6
1465,5.0,13:00:00,Maine,37447,11.25,-0.2,300.0,-8.4,17.6
1466,7.0,22:44:00,Maine,37773,12.21,0.5,881.0,-8.4,17.6
1467,7.0,07:23:00,Maine,38453,12.99,-0.4,618.0,-8.4,17.6
1468,10.0,19:15:00,Maine,37748,11.19,0.3,1187.0,-8.4,17.6
1469,4.0,21:20:00,Maine,38822,12.3,-0.1,950.0,-8.4,17.6
1470,10.0,16:45:00,New Hampshire,47990,13.21,0.3,2535.0,-6.1,18.6
1471,11.0,14:21:00,New Hampshire,47990,13.4,0.1,27.0,-6.1,18.6
1472,2.0,23:12:00,New Hampshire,47990,13.53,-0.5,108.0,-6.1,18.6
1473,7.0,14:34:00,New Hampshire,47697,13.99,-0.3,73.0,-6.1,18.6
1474,3.0,07:40:00,New Hampshire,47697,14.15,-0.7,200.0,-6.1,18.6
1475,10.0,13:20:00,New Hampshire,47990,13.21,0.3,5.0,-6.1,18.6
1476,5.0,13:45:00,New Hampshire,47697,14.32,-0.4,75.0,-6.1,18.6
1477,5.0,09:15:00,New Hampshire,47697,14.32,-0.4,0.0,-6.1,18.6
1478,5.0,10:25:00,New Hampshire,47975,13.39,-0.2,77.0,-6.1,18.6
1479,4.0,08:00:00,New Hampshire,47522,14.01,-0.1,660.0,-6.1,18.6
1480,5.0,13:11:00,New Hampshire,47697,14.32,-0.4,0.0,-6.1,18.6
1481,3.0,00:57:00,New Hampshire,47697,14.15,-0.7,92.0,-6.1,18.6
1482,11.0,11:30:00,New Hampshire,47697,13.92,-1.0,30.0,-6.1,18.6
1483,11.0,13:07:00,New Hampshire,47990,13.4,0.1,33.0,-6.1,18.6
1484,1.0,09:25:00,Nevada,43886,9.19,-1.3,1895.0,0.1,20.6
1485,6.0,07:40:00,Nevada,42505,8.51,-0.2,274.0,0.1,20.6
1486,12.0,14:00:00,Nevada,43632,8.71,2.3,1.0,0.1,20.6
1487,5.0,17:00:00,Nevada,43886,9.25,-0.4,1534.0,0.1,20.6
1488,10.0,15:00:00,Nevada,43209,8.9,0.3,1.0,0.1,20.6
1489,3.0,12:00:00,Nevada,44142,8.3,1.6,60.0,0.1,20.6
1490,1.0,07:19:00,Nevada,43209,8.65,-0.7,108.0,0.1,20.6
1491,5.0,09:22:00,Colorado,50807,9.77,-0.2,2.0,-3.4,18.4
1492,4.0,11:05:00,Colorado,50807,9.48,-0.2,175.0,-3.4,18.4
1493,6.0,11:30:00,Colorado,51847,8.03,0.2,,-3.4,18.4
1494,10.0,05:00:00,Colorado,50069,9.51,-0.9,2040.0,-3.4,18.4
1495,7.0,21:50:00,Colorado,50296,8.83,0.5,2710.0,-3.4,18.4
1496,7.0,17:19:00,Colorado,50069,10.03,-0.3,284.0,-3.4,18.4
1497,2.0,11:30:00,Colorado,52920,9.68,0.5,105.0,-3.4,18.4
1498,3.0,05:00:00,Colorado,52863,8.99,1.6,4019.0,-3.4,18.4
1499,10.0,15:00:00,Colorado,50547,9.7,0.3,1.0,-3.4,18.4
1500,6.0,18:29:00,Colorado,50194,10.19,-0.4,391.0,-3.4,18.4
1501,2.0,08:50:00,Colorado,51736,8.05,-0.6,439.0,-3.4,18.4
1502,6.0,17:20:00,Colorado,50547,9.93,-0.1,5.0,-3.4,18.4
1503,10.0,14:39:00,Colorado,50547,9.7,0.3,201.0,-3.4,18.4
1504,10.0,05:30:00,Colorado,51736,7.33,0.7,2140.0,-3.4,18.4
1505,2.0,08:47:00,Colorado,50547,8.86,-0.5,103.0,-3.4,18.4
1506,,,Kansas,40525,,,,-0.1,24.7
1507,3.0,18:30:00,Kansas,45558,10.04,0.6,187.0,-0.1,24.7
1508,12.0,13:03:00,Kansas,45558,9.9,2.3,1406.0,-0.1,24.7
1509,4.0,02:00:00,Kansas,45558,10.18,0.7,348.0,-0.1,24.7
1510,12.0,04:00:00,Kansas,45206,6.19,-1.3,13650.0,-0.1,24.7
1511,12.0,21:00:00,Kansas,45558,9.9,2.3,90.0,-0.1,24.7
1512,6.0,16:46:00,Kansas,45697,9.26,-0.3,913.0,-0.1,24.7
1513,6.0,02:00:00,Kansas,45558,10.32,1.0,,-0.1,24.7
1514,1.0,18:00:00,Kansas,42502,5.96,0.7,14040.0,-0.1,24.7
1515,12.0,18:13:00,Hawaii,50565,26.28,-0.7,1367.0,19.7,22.3
1516,5.0,17:06:00,Hawaii,49110,32.14,-0.4,174.0,19.7,22.3
1517,10.0,07:09:00,Hawaii,50358,21.26,0.7,543.0,19.7,22.3
1518,6.0,14:12:00,Hawaii,50358,22.06,0.0,237.0,19.7,22.3
1519,10.0,07:09:00,Hawaii,50358,21.26,0.7,1906.0,19.7,22.3
1520,7.0,15:45:00,Idaho,36256,,-0.3,224.0,-3.7,17.6
1521,12.0,10:30:00,Idaho,34481,5.76,-0.9,0.0,-3.7,17.6
1522,6.0,17:35:00,Idaho,35331,5.66,0.3,95.0,-3.7,17.6
1523,1.0,07:00:00,Idaho,34481,6.46,-1.3,360.0,-3.7,17.6
1524,6.0,15:12:00,Idaho,34383,5.17,-0.1,1548.0,-3.7,17.6
1525,6.0,16:00:00,Idaho,34481,6.95,-0.3,870.0,-3.7,17.6
1526,3.0,00:00:00,Idaho,36256,7.66,1.6,0.0,-3.7,17.6
1527,3.0,13:35:00,Idaho,36256,7.66,1.6,,-3.7,17.6
1528,7.0,15:45:00,Idaho,36256,,-0.3,220.0,-3.7,17.6
1529,12.0,08:00:00,North Dakota,57012,7.8,-0.9,720.0,-11.0,19.2
1530,,,North Dakota,42913,,,,-11.0,19.2
1531,8.0,22:54:00,South Dakota,45230,7.47,0.5,59.0,-6.9,21.1
1532,8.0,11:00:00,South Dakota,45230,7.47,0.5,181.0,-6.9,21.1
1533,,,Alaska,57401,,,,-16.3,11.3
